<?xml version="1.0" encoding="UTF-8"?>
<feed xmlns="http://www.w3.org/2005/Atom">
  <title>SMART patient bundle for transactional posting</title>
  <id>urn:uuid:22</id>
  <updated>2015-07-07T20:00:50.807000</updated>

  <entry xmlns="http://www.w3.org/2005/Atom">
  <title>SMART Patient-level resource</title>
  <id>Patient/7777701</id>
  <updated>2015-07-07T20:00:50.807000</updated>
  <published>2015-07-07T20:00:50.807000</published>
  <author>
    <name>https://github.com/smart-on-fhir/sample-patients</name>
  </author>
  <content type="text/xml">
    
  <Patient xmlns="http://hl7.org/fhir">
    <text>
      <status value="generated"/>
      <div xmlns="http://www.w3.org/1999/xhtml">
        <p>Steve Richey</p>
      </div>
    </text>
    <identifier>
      <use value="usual"/>
      <label value="SMART Hospital MRN"/>
      <system value="urn:oid:0.1.2.3.4.5.6.7"/>
      <value value="7777701"/>
    </identifier>
    <name>
      <use value="official"/>
      <family value="Richey"/>
      <given value="Steve"/>
    </name>
    <gender>
      <coding>
        <system value="http://hl7.org/fhir/v3/AdministrativeGender"/>
        <code value="M"/>
        <display value="Male"/>
      </coding>
    </gender>
    <birthDate value="2011-09-16" />
    <active value="true"/>
  </Patient>
  
  </content>
</entry>
  <entry xmlns="http://www.w3.org/2005/Atom">
  <title>SMART Patient-level resource</title>
  <id>Encounter/967</id>
  <updated>2015-07-07T20:00:50.807000</updated>
  <published>2015-07-07T20:00:50.807000</published>
  <author>
    <name>https://github.com/smart-on-fhir/sample-patients</name>
  </author>
  <content type="text/xml">
    
    <Encounter xmlns="http://hl7.org/fhir">
      <text>
        <status value="generated"/>
        <div xmlns="http://www.w3.org/1999/xhtml">2011-09-16: ambulatory encounter</div>
      </text>
      <status value="finished"/>
      <class value="ambulatory"/>
      <subject>
        <reference value="Patient/7777701"/>
      </subject>
      <period>
       <start value="2011-09-16"/>
       <end value="2011-09-16"/>
      </period>
    </Encounter>
  
  </content>
</entry>
  <entry xmlns="http://www.w3.org/2005/Atom">
  <title>SMART Patient-level resource</title>
  <id>Encounter/968</id>
  <updated>2015-07-07T20:00:50.807000</updated>
  <published>2015-07-07T20:00:50.807000</published>
  <author>
    <name>https://github.com/smart-on-fhir/sample-patients</name>
  </author>
  <content type="text/xml">
    
    <Encounter xmlns="http://hl7.org/fhir">
      <text>
        <status value="generated"/>
        <div xmlns="http://www.w3.org/1999/xhtml">2011-11-22: ambulatory encounter</div>
      </text>
      <status value="finished"/>
      <class value="ambulatory"/>
      <subject>
        <reference value="Patient/7777701"/>
      </subject>
      <period>
       <start value="2011-11-22"/>
       <end value="2011-11-22"/>
      </period>
    </Encounter>
  
  </content>
</entry>
  <entry xmlns="http://www.w3.org/2005/Atom">
  <title>SMART Patient-level resource</title>
  <id>Encounter/969</id>
  <updated>2015-07-07T20:00:50.807000</updated>
  <published>2015-07-07T20:00:50.807000</published>
  <author>
    <name>https://github.com/smart-on-fhir/sample-patients</name>
  </author>
  <content type="text/xml">
    
    <Encounter xmlns="http://hl7.org/fhir">
      <text>
        <status value="generated"/>
        <div xmlns="http://www.w3.org/1999/xhtml">2011-12-01: ambulatory encounter</div>
      </text>
      <status value="finished"/>
      <class value="ambulatory"/>
      <subject>
        <reference value="Patient/7777701"/>
      </subject>
      <period>
       <start value="2011-12-01"/>
       <end value="2011-12-01"/>
      </period>
    </Encounter>
  
  </content>
</entry>
  <entry xmlns="http://www.w3.org/2005/Atom">
  <title>SMART Patient-level resource</title>
  <id>Encounter/970</id>
  <updated>2015-07-07T20:00:50.807000</updated>
  <published>2015-07-07T20:00:50.807000</published>
  <author>
    <name>https://github.com/smart-on-fhir/sample-patients</name>
  </author>
  <content type="text/xml">
    
    <Encounter xmlns="http://hl7.org/fhir">
      <text>
        <status value="generated"/>
        <div xmlns="http://www.w3.org/1999/xhtml">2011-12-16: ambulatory encounter</div>
      </text>
      <status value="finished"/>
      <class value="ambulatory"/>
      <subject>
        <reference value="Patient/7777701"/>
      </subject>
      <period>
       <start value="2011-12-16"/>
       <end value="2011-12-16"/>
      </period>
    </Encounter>
  
  </content>
</entry>
  <entry xmlns="http://www.w3.org/2005/Atom">
  <title>SMART Patient-level resource</title>
  <id>Encounter/971</id>
  <updated>2015-07-07T20:00:50.807000</updated>
  <published>2015-07-07T20:00:50.807000</published>
  <author>
    <name>https://github.com/smart-on-fhir/sample-patients</name>
  </author>
  <content type="text/xml">
    
    <Encounter xmlns="http://hl7.org/fhir">
      <text>
        <status value="generated"/>
        <div xmlns="http://www.w3.org/1999/xhtml">2012-01-10: ambulatory encounter</div>
      </text>
      <status value="finished"/>
      <class value="ambulatory"/>
      <subject>
        <reference value="Patient/7777701"/>
      </subject>
      <period>
       <start value="2012-01-10"/>
       <end value="2012-01-10"/>
      </period>
    </Encounter>
  
  </content>
</entry>
  <entry xmlns="http://www.w3.org/2005/Atom">
  <title>SMART Patient-level resource</title>
  <id>Encounter/972</id>
  <updated>2015-07-07T20:00:50.807000</updated>
  <published>2015-07-07T20:00:50.807000</published>
  <author>
    <name>https://github.com/smart-on-fhir/sample-patients</name>
  </author>
  <content type="text/xml">
    
    <Encounter xmlns="http://hl7.org/fhir">
      <text>
        <status value="generated"/>
        <div xmlns="http://www.w3.org/1999/xhtml">2012-02-03: ambulatory encounter</div>
      </text>
      <status value="finished"/>
      <class value="ambulatory"/>
      <subject>
        <reference value="Patient/7777701"/>
      </subject>
      <period>
       <start value="2012-02-03"/>
       <end value="2012-02-03"/>
      </period>
    </Encounter>
  
  </content>
</entry>
  <entry xmlns="http://www.w3.org/2005/Atom">
  <title>SMART Patient-level resource</title>
  <id>Encounter/973</id>
  <updated>2015-07-07T20:00:50.807000</updated>
  <published>2015-07-07T20:00:50.807000</published>
  <author>
    <name>https://github.com/smart-on-fhir/sample-patients</name>
  </author>
  <content type="text/xml">
    
    <Encounter xmlns="http://hl7.org/fhir">
      <text>
        <status value="generated"/>
        <div xmlns="http://www.w3.org/1999/xhtml">2012-02-09: ambulatory encounter</div>
      </text>
      <status value="finished"/>
      <class value="ambulatory"/>
      <subject>
        <reference value="Patient/7777701"/>
      </subject>
      <period>
       <start value="2012-02-09"/>
       <end value="2012-02-09"/>
      </period>
    </Encounter>
  
  </content>
</entry>
  <entry xmlns="http://www.w3.org/2005/Atom">
  <title>SMART Patient-level resource</title>
  <id>Encounter/974</id>
  <updated>2015-07-07T20:00:50.807000</updated>
  <published>2015-07-07T20:00:50.807000</published>
  <author>
    <name>https://github.com/smart-on-fhir/sample-patients</name>
  </author>
  <content type="text/xml">
    
    <Encounter xmlns="http://hl7.org/fhir">
      <text>
        <status value="generated"/>
        <div xmlns="http://www.w3.org/1999/xhtml">2012-03-10: ambulatory encounter</div>
      </text>
      <status value="finished"/>
      <class value="ambulatory"/>
      <subject>
        <reference value="Patient/7777701"/>
      </subject>
      <period>
       <start value="2012-03-10"/>
       <end value="2012-03-10"/>
      </period>
    </Encounter>
  
  </content>
</entry>
  <entry xmlns="http://www.w3.org/2005/Atom">
  <title>SMART Patient-level resource</title>
  <id>Encounter/975</id>
  <updated>2015-07-07T20:00:50.807000</updated>
  <published>2015-07-07T20:00:50.807000</published>
  <author>
    <name>https://github.com/smart-on-fhir/sample-patients</name>
  </author>
  <content type="text/xml">
    
    <Encounter xmlns="http://hl7.org/fhir">
      <text>
        <status value="generated"/>
        <div xmlns="http://www.w3.org/1999/xhtml">2012-03-20: ambulatory encounter</div>
      </text>
      <status value="finished"/>
      <class value="ambulatory"/>
      <subject>
        <reference value="Patient/7777701"/>
      </subject>
      <period>
       <start value="2012-03-20"/>
       <end value="2012-03-20"/>
      </period>
    </Encounter>
  
  </content>
</entry>
  <entry xmlns="http://www.w3.org/2005/Atom">
  <title>SMART Patient-level resource</title>
  <id>Encounter/976</id>
  <updated>2015-07-07T20:00:50.807000</updated>
  <published>2015-07-07T20:00:50.807000</published>
  <author>
    <name>https://github.com/smart-on-fhir/sample-patients</name>
  </author>
  <content type="text/xml">
    
    <Encounter xmlns="http://hl7.org/fhir">
      <text>
        <status value="generated"/>
        <div xmlns="http://www.w3.org/1999/xhtml">2012-04-10: ambulatory encounter</div>
      </text>
      <status value="finished"/>
      <class value="ambulatory"/>
      <subject>
        <reference value="Patient/7777701"/>
      </subject>
      <period>
       <start value="2012-04-10"/>
       <end value="2012-04-10"/>
      </period>
    </Encounter>
  
  </content>
</entry>
  <entry xmlns="http://www.w3.org/2005/Atom">
  <title>SMART Patient-level resource</title>
  <id>Encounter/977</id>
  <updated>2015-07-07T20:00:50.807000</updated>
  <published>2015-07-07T20:00:50.807000</published>
  <author>
    <name>https://github.com/smart-on-fhir/sample-patients</name>
  </author>
  <content type="text/xml">
    
    <Encounter xmlns="http://hl7.org/fhir">
      <text>
        <status value="generated"/>
        <div xmlns="http://www.w3.org/1999/xhtml">2012-05-10: ambulatory encounter</div>
      </text>
      <status value="finished"/>
      <class value="ambulatory"/>
      <subject>
        <reference value="Patient/7777701"/>
      </subject>
      <period>
       <start value="2012-05-10"/>
       <end value="2012-05-10"/>
      </period>
    </Encounter>
  
  </content>
</entry>
  <entry xmlns="http://www.w3.org/2005/Atom">
  <title>SMART Patient-level resource</title>
  <id>Encounter/978</id>
  <updated>2015-07-07T20:00:50.807000</updated>
  <published>2015-07-07T20:00:50.807000</published>
  <author>
    <name>https://github.com/smart-on-fhir/sample-patients</name>
  </author>
  <content type="text/xml">
    
    <Encounter xmlns="http://hl7.org/fhir">
      <text>
        <status value="generated"/>
        <div xmlns="http://www.w3.org/1999/xhtml">2012-05-16: ambulatory encounter</div>
      </text>
      <status value="finished"/>
      <class value="ambulatory"/>
      <subject>
        <reference value="Patient/7777701"/>
      </subject>
      <period>
       <start value="2012-05-16"/>
       <end value="2012-05-16"/>
      </period>
    </Encounter>
  
  </content>
</entry>
  <entry xmlns="http://www.w3.org/2005/Atom">
  <title>SMART Patient-level resource</title>
  <id>Encounter/979</id>
  <updated>2015-07-07T20:00:50.807000</updated>
  <published>2015-07-07T20:00:50.807000</published>
  <author>
    <name>https://github.com/smart-on-fhir/sample-patients</name>
  </author>
  <content type="text/xml">
    
    <Encounter xmlns="http://hl7.org/fhir">
      <text>
        <status value="generated"/>
        <div xmlns="http://www.w3.org/1999/xhtml">2012-07-04: ambulatory encounter</div>
      </text>
      <status value="finished"/>
      <class value="ambulatory"/>
      <subject>
        <reference value="Patient/7777701"/>
      </subject>
      <period>
       <start value="2012-07-04"/>
       <end value="2012-07-04"/>
      </period>
    </Encounter>
  
  </content>
</entry>
  <entry xmlns="http://www.w3.org/2005/Atom">
  <title>SMART Patient-level resource</title>
  <id>Encounter/980</id>
  <updated>2015-07-07T20:00:50.807000</updated>
  <published>2015-07-07T20:00:50.807000</published>
  <author>
    <name>https://github.com/smart-on-fhir/sample-patients</name>
  </author>
  <content type="text/xml">
    
    <Encounter xmlns="http://hl7.org/fhir">
      <text>
        <status value="generated"/>
        <div xmlns="http://www.w3.org/1999/xhtml">2012-08-22: ambulatory encounter</div>
      </text>
      <status value="finished"/>
      <class value="ambulatory"/>
      <subject>
        <reference value="Patient/7777701"/>
      </subject>
      <period>
       <start value="2012-08-22"/>
       <end value="2012-08-22"/>
      </period>
    </Encounter>
  
  </content>
</entry>
  <entry xmlns="http://www.w3.org/2005/Atom">
  <title>SMART Patient-level resource</title>
  <id>Encounter/981</id>
  <updated>2015-07-07T20:00:50.807000</updated>
  <published>2015-07-07T20:00:50.807000</published>
  <author>
    <name>https://github.com/smart-on-fhir/sample-patients</name>
  </author>
  <content type="text/xml">
    
    <Encounter xmlns="http://hl7.org/fhir">
      <text>
        <status value="generated"/>
        <div xmlns="http://www.w3.org/1999/xhtml">2012-09-06: ambulatory encounter</div>
      </text>
      <status value="finished"/>
      <class value="ambulatory"/>
      <subject>
        <reference value="Patient/7777701"/>
      </subject>
      <period>
       <start value="2012-09-06"/>
       <end value="2012-09-06"/>
      </period>
    </Encounter>
  
  </content>
</entry>
  <entry xmlns="http://www.w3.org/2005/Atom">
  <title>SMART Patient-level resource</title>
  <id>Encounter/982</id>
  <updated>2015-07-07T20:00:50.807000</updated>
  <published>2015-07-07T20:00:50.807000</published>
  <author>
    <name>https://github.com/smart-on-fhir/sample-patients</name>
  </author>
  <content type="text/xml">
    
    <Encounter xmlns="http://hl7.org/fhir">
      <text>
        <status value="generated"/>
        <div xmlns="http://www.w3.org/1999/xhtml">2012-10-22: ambulatory encounter</div>
      </text>
      <status value="finished"/>
      <class value="ambulatory"/>
      <subject>
        <reference value="Patient/7777701"/>
      </subject>
      <period>
       <start value="2012-10-22"/>
       <end value="2012-10-22"/>
      </period>
    </Encounter>
  
  </content>
</entry>
  <entry xmlns="http://www.w3.org/2005/Atom">
  <title>SMART Patient-level resource</title>
  <id>Encounter/983</id>
  <updated>2015-07-07T20:00:50.807000</updated>
  <published>2015-07-07T20:00:50.807000</published>
  <author>
    <name>https://github.com/smart-on-fhir/sample-patients</name>
  </author>
  <content type="text/xml">
    
    <Encounter xmlns="http://hl7.org/fhir">
      <text>
        <status value="generated"/>
        <div xmlns="http://www.w3.org/1999/xhtml">2013-01-27: ambulatory encounter</div>
      </text>
      <status value="finished"/>
      <class value="ambulatory"/>
      <subject>
        <reference value="Patient/7777701"/>
      </subject>
      <period>
       <start value="2013-01-27"/>
       <end value="2013-01-27"/>
      </period>
    </Encounter>
  
  </content>
</entry>
<entry xmlns="http://www.w3.org/2005/Atom">
  <title>SMART Patient-level resource</title>
  <id>Observation/967-weight</id>
  <updated>2015-07-07T20:00:50.807000</updated>
  <published>2015-07-07T20:00:50.807000</published>
  <author>
    <name>https://github.com/smart-on-fhir/sample-patients</name>
  </author>
  <content type="text/xml">
    
  <Observation xmlns="http://hl7.org/fhir">
    <extension url="http://fhir-registry.smarthealthit.org/Profile/vital-signs#encounter" >
        <valueResource>
            <reference value="Encounter/967"/>
        </valueResource>
    </extension>
    
    <text>
      <status value="generated"/>
      <div xmlns="http://www.w3.org/1999/xhtml">2011-09-16: weight = 0.977 kg</div>
    </text>
    <name>
      <coding>
        <system value="http://loinc.org"/>
        <code value="3141-9"/>
        <display value="weight"/>
      </coding>
    </name>
    <valueQuantity>
      <value value="0.977"/>
      <units value="kg"/>
      <system value="http://unitsofmeasure.org" />
      <code value="kg"/>
    </valueQuantity>
    
    <appliesDateTime value="2011-09-16"/>
    <status value="final"/>
    <reliability value="ok"/>
    <subject>
      <reference value="Patient/7777701"/>
    </subject>
  </Observation>
  
  </content>
</entry>
<entry xmlns="http://www.w3.org/2005/Atom">
  <title>SMART Patient-level resource</title>
  <id>Observation/968-height</id>
  <updated>2015-07-07T20:00:50.807000</updated>
  <published>2015-07-07T20:00:50.807000</published>
  <author>
    <name>https://github.com/smart-on-fhir/sample-patients</name>
  </author>
  <content type="text/xml">
    
  <Observation xmlns="http://hl7.org/fhir">
    <extension url="http://fhir-registry.smarthealthit.org/Profile/vital-signs#encounter" >
        <valueResource>
            <reference value="Encounter/968"/>
        </valueResource>
    </extension>
    
    <text>
      <status value="generated"/>
      <div xmlns="http://www.w3.org/1999/xhtml">2011-11-22: height = 45.0 cm</div>
    </text>
    <name>
      <coding>
        <system value="http://loinc.org"/>
        <code value="8302-2"/>
        <display value="height"/>
      </coding>
    </name>
    <valueQuantity>
      <value value="45.0"/>
      <units value="cm"/>
      <system value="http://unitsofmeasure.org" />
      <code value="cm"/>
    </valueQuantity>
    
    <appliesDateTime value="2011-11-22"/>
    <status value="final"/>
    <reliability value="ok"/>
    <subject>
      <reference value="Patient/7777701"/>
    </subject>
  </Observation>
  
  </content>
</entry>
<entry xmlns="http://www.w3.org/2005/Atom">
  <title>SMART Patient-level resource</title>
  <id>Observation/968-weight</id>
  <updated>2015-07-07T20:00:50.807000</updated>
  <published>2015-07-07T20:00:50.807000</published>
  <author>
    <name>https://github.com/smart-on-fhir/sample-patients</name>
  </author>
  <content type="text/xml">
    
  <Observation xmlns="http://hl7.org/fhir">
    <extension url="http://fhir-registry.smarthealthit.org/Profile/vital-signs#encounter" >
        <valueResource>
            <reference value="Encounter/968"/>
        </valueResource>
    </extension>
    
    <text>
      <status value="generated"/>
      <div xmlns="http://www.w3.org/1999/xhtml">2011-11-22: weight = 2.382 kg</div>
    </text>
    <name>
      <coding>
        <system value="http://loinc.org"/>
        <code value="3141-9"/>
        <display value="weight"/>
      </coding>
    </name>
    <valueQuantity>
      <value value="2.382"/>
      <units value="kg"/>
      <system value="http://unitsofmeasure.org" />
      <code value="kg"/>
    </valueQuantity>
    
    <appliesDateTime value="2011-11-22"/>
    <status value="final"/>
    <reliability value="ok"/>
    <subject>
      <reference value="Patient/7777701"/>
    </subject>
  </Observation>
  
  </content>
</entry>
<entry xmlns="http://www.w3.org/2005/Atom">
  <title>SMART Patient-level resource</title>
  <id>Observation/969-height</id>
  <updated>2015-07-07T20:00:50.807000</updated>
  <published>2015-07-07T20:00:50.807000</published>
  <author>
    <name>https://github.com/smart-on-fhir/sample-patients</name>
  </author>
  <content type="text/xml">
    
  <Observation xmlns="http://hl7.org/fhir">
    <extension url="http://fhir-registry.smarthealthit.org/Profile/vital-signs#encounter" >
        <valueResource>
            <reference value="Encounter/969"/>
        </valueResource>
    </extension>
    
    <text>
      <status value="generated"/>
      <div xmlns="http://www.w3.org/1999/xhtml">2011-12-01: height = 46.2 cm</div>
    </text>
    <name>
      <coding>
        <system value="http://loinc.org"/>
        <code value="8302-2"/>
        <display value="height"/>
      </coding>
    </name>
    <valueQuantity>
      <value value="46.2"/>
      <units value="cm"/>
      <system value="http://unitsofmeasure.org" />
      <code value="cm"/>
    </valueQuantity>
    
    <appliesDateTime value="2011-12-01"/>
    <status value="final"/>
    <reliability value="ok"/>
    <subject>
      <reference value="Patient/7777701"/>
    </subject>
  </Observation>
  
  </content>
</entry>
<entry xmlns="http://www.w3.org/2005/Atom">
  <title>SMART Patient-level resource</title>
  <id>Observation/969-weight</id>
  <updated>2015-07-07T20:00:50.807000</updated>
  <published>2015-07-07T20:00:50.807000</published>
  <author>
    <name>https://github.com/smart-on-fhir/sample-patients</name>
  </author>
  <content type="text/xml">
    
  <Observation xmlns="http://hl7.org/fhir">
    <extension url="http://fhir-registry.smarthealthit.org/Profile/vital-signs#encounter" >
        <valueResource>
            <reference value="Encounter/969"/>
        </valueResource>
    </extension>
    
    <text>
      <status value="generated"/>
      <div xmlns="http://www.w3.org/1999/xhtml">2011-12-01: weight = 2.636 kg</div>
    </text>
    <name>
      <coding>
        <system value="http://loinc.org"/>
        <code value="3141-9"/>
        <display value="weight"/>
      </coding>
    </name>
    <valueQuantity>
      <value value="2.636"/>
      <units value="kg"/>
      <system value="http://unitsofmeasure.org" />
      <code value="kg"/>
    </valueQuantity>
    
    <appliesDateTime value="2011-12-01"/>
    <status value="final"/>
    <reliability value="ok"/>
    <subject>
      <reference value="Patient/7777701"/>
    </subject>
  </Observation>
  
  </content>
</entry>
<entry xmlns="http://www.w3.org/2005/Atom">
  <title>SMART Patient-level resource</title>
  <id>Observation/970-height</id>
  <updated>2015-07-07T20:00:50.807000</updated>
  <published>2015-07-07T20:00:50.807000</published>
  <author>
    <name>https://github.com/smart-on-fhir/sample-patients</name>
  </author>
  <content type="text/xml">
    
  <Observation xmlns="http://hl7.org/fhir">
    <extension url="http://fhir-registry.smarthealthit.org/Profile/vital-signs#encounter" >
        <valueResource>
            <reference value="Encounter/970"/>
        </valueResource>
    </extension>
    
    <text>
      <status value="generated"/>
      <div xmlns="http://www.w3.org/1999/xhtml">2011-12-16: height = 48.5 cm</div>
    </text>
    <name>
      <coding>
        <system value="http://loinc.org"/>
        <code value="8302-2"/>
        <display value="height"/>
      </coding>
    </name>
    <valueQuantity>
      <value value="48.5"/>
      <units value="cm"/>
      <system value="http://unitsofmeasure.org" />
      <code value="cm"/>
    </valueQuantity>
    
    <appliesDateTime value="2011-12-16"/>
    <status value="final"/>
    <reliability value="ok"/>
    <subject>
      <reference value="Patient/7777701"/>
    </subject>
  </Observation>
  
  </content>
</entry>
<entry xmlns="http://www.w3.org/2005/Atom">
  <title>SMART Patient-level resource</title>
  <id>Observation/970-weight</id>
  <updated>2015-07-07T20:00:50.807000</updated>
  <published>2015-07-07T20:00:50.807000</published>
  <author>
    <name>https://github.com/smart-on-fhir/sample-patients</name>
  </author>
  <content type="text/xml">
    
  <Observation xmlns="http://hl7.org/fhir">
    <extension url="http://fhir-registry.smarthealthit.org/Profile/vital-signs#encounter" >
        <valueResource>
            <reference value="Encounter/970"/>
        </valueResource>
    </extension>
    
    <text>
      <status value="generated"/>
      <div xmlns="http://www.w3.org/1999/xhtml">2011-12-16: weight = 3.0 kg</div>
    </text>
    <name>
      <coding>
        <system value="http://loinc.org"/>
        <code value="3141-9"/>
        <display value="weight"/>
      </coding>
    </name>
    <valueQuantity>
      <value value="3.0"/>
      <units value="kg"/>
      <system value="http://unitsofmeasure.org" />
      <code value="kg"/>
    </valueQuantity>
    
    <appliesDateTime value="2011-12-16"/>
    <status value="final"/>
    <reliability value="ok"/>
    <subject>
      <reference value="Patient/7777701"/>
    </subject>
  </Observation>
  
  </content>
</entry>
<entry xmlns="http://www.w3.org/2005/Atom">
  <title>SMART Patient-level resource</title>
  <id>Observation/971-weight</id>
  <updated>2015-07-07T20:00:50.807000</updated>
  <published>2015-07-07T20:00:50.807000</published>
  <author>
    <name>https://github.com/smart-on-fhir/sample-patients</name>
  </author>
  <content type="text/xml">
    
  <Observation xmlns="http://hl7.org/fhir">
    <extension url="http://fhir-registry.smarthealthit.org/Profile/vital-signs#encounter" >
        <valueResource>
            <reference value="Encounter/971"/>
        </valueResource>
    </extension>
    
    <text>
      <status value="generated"/>
      <div xmlns="http://www.w3.org/1999/xhtml">2012-01-10: weight = 4.1 kg</div>
    </text>
    <name>
      <coding>
        <system value="http://loinc.org"/>
        <code value="3141-9"/>
        <display value="weight"/>
      </coding>
    </name>
    <valueQuantity>
      <value value="4.1"/>
      <units value="kg"/>
      <system value="http://unitsofmeasure.org" />
      <code value="kg"/>
    </valueQuantity>
    
    <appliesDateTime value="2012-01-10"/>
    <status value="final"/>
    <reliability value="ok"/>
    <subject>
      <reference value="Patient/7777701"/>
    </subject>
  </Observation>
  
  </content>
</entry>
<entry xmlns="http://www.w3.org/2005/Atom">
  <title>SMART Patient-level resource</title>
  <id>Observation/972-weight</id>
  <updated>2015-07-07T20:00:50.807000</updated>
  <published>2015-07-07T20:00:50.807000</published>
  <author>
    <name>https://github.com/smart-on-fhir/sample-patients</name>
  </author>
  <content type="text/xml">
    
  <Observation xmlns="http://hl7.org/fhir">
    <extension url="http://fhir-registry.smarthealthit.org/Profile/vital-signs#encounter" >
        <valueResource>
            <reference value="Encounter/972"/>
        </valueResource>
    </extension>
    
    <text>
      <status value="generated"/>
      <div xmlns="http://www.w3.org/1999/xhtml">2012-02-03: weight = 4.6 kg</div>
    </text>
    <name>
      <coding>
        <system value="http://loinc.org"/>
        <code value="3141-9"/>
        <display value="weight"/>
      </coding>
    </name>
    <valueQuantity>
      <value value="4.6"/>
      <units value="kg"/>
      <system value="http://unitsofmeasure.org" />
      <code value="kg"/>
    </valueQuantity>
    
    <appliesDateTime value="2012-02-03"/>
    <status value="final"/>
    <reliability value="ok"/>
    <subject>
      <reference value="Patient/7777701"/>
    </subject>
  </Observation>
  
  </content>
</entry>
<entry xmlns="http://www.w3.org/2005/Atom">
  <title>SMART Patient-level resource</title>
  <id>Observation/973-weight</id>
  <updated>2015-07-07T20:00:50.807000</updated>
  <published>2015-07-07T20:00:50.807000</published>
  <author>
    <name>https://github.com/smart-on-fhir/sample-patients</name>
  </author>
  <content type="text/xml">
    
  <Observation xmlns="http://hl7.org/fhir">
    <extension url="http://fhir-registry.smarthealthit.org/Profile/vital-signs#encounter" >
        <valueResource>
            <reference value="Encounter/973"/>
        </valueResource>
    </extension>
    
    <text>
      <status value="generated"/>
      <div xmlns="http://www.w3.org/1999/xhtml">2012-02-09: weight = 4.7 kg</div>
    </text>
    <name>
      <coding>
        <system value="http://loinc.org"/>
        <code value="3141-9"/>
        <display value="weight"/>
      </coding>
    </name>
    <valueQuantity>
      <value value="4.7"/>
      <units value="kg"/>
      <system value="http://unitsofmeasure.org" />
      <code value="kg"/>
    </valueQuantity>
    
    <appliesDateTime value="2012-02-09"/>
    <status value="final"/>
    <reliability value="ok"/>
    <subject>
      <reference value="Patient/7777701"/>
    </subject>
  </Observation>
  
  </content>
</entry>
<entry xmlns="http://www.w3.org/2005/Atom">
  <title>SMART Patient-level resource</title>
  <id>Observation/974-height</id>
  <updated>2015-07-07T20:00:50.807000</updated>
  <published>2015-07-07T20:00:50.807000</published>
  <author>
    <name>https://github.com/smart-on-fhir/sample-patients</name>
  </author>
  <content type="text/xml">
    
  <Observation xmlns="http://hl7.org/fhir">
    <extension url="http://fhir-registry.smarthealthit.org/Profile/vital-signs#encounter" >
        <valueResource>
            <reference value="Encounter/974"/>
        </valueResource>
    </extension>
    
    <text>
      <status value="generated"/>
      <div xmlns="http://www.w3.org/1999/xhtml">2012-03-10: height = 58.5 cm</div>
    </text>
    <name>
      <coding>
        <system value="http://loinc.org"/>
        <code value="8302-2"/>
        <display value="height"/>
      </coding>
    </name>
    <valueQuantity>
      <value value="58.5"/>
      <units value="cm"/>
      <system value="http://unitsofmeasure.org" />
      <code value="cm"/>
    </valueQuantity>
    
    <appliesDateTime value="2012-03-10"/>
    <status value="final"/>
    <reliability value="ok"/>
    <subject>
      <reference value="Patient/7777701"/>
    </subject>
  </Observation>
  
  </content>
</entry>
<entry xmlns="http://www.w3.org/2005/Atom">
  <title>SMART Patient-level resource</title>
  <id>Observation/974-weight</id>
  <updated>2015-07-07T20:00:50.807000</updated>
  <published>2015-07-07T20:00:50.807000</published>
  <author>
    <name>https://github.com/smart-on-fhir/sample-patients</name>
  </author>
  <content type="text/xml">
    
  <Observation xmlns="http://hl7.org/fhir">
    <extension url="http://fhir-registry.smarthealthit.org/Profile/vital-signs#encounter" >
        <valueResource>
            <reference value="Encounter/974"/>
        </valueResource>
    </extension>
    
    <text>
      <status value="generated"/>
      <div xmlns="http://www.w3.org/1999/xhtml">2012-03-10: weight = 5.4 kg</div>
    </text>
    <name>
      <coding>
        <system value="http://loinc.org"/>
        <code value="3141-9"/>
        <display value="weight"/>
      </coding>
    </name>
    <valueQuantity>
      <value value="5.4"/>
      <units value="kg"/>
      <system value="http://unitsofmeasure.org" />
      <code value="kg"/>
    </valueQuantity>
    
    <appliesDateTime value="2012-03-10"/>
    <status value="final"/>
    <reliability value="ok"/>
    <subject>
      <reference value="Patient/7777701"/>
    </subject>
  </Observation>
  
  </content>
</entry>
<entry xmlns="http://www.w3.org/2005/Atom">
  <title>SMART Patient-level resource</title>
  <id>Observation/975-height</id>
  <updated>2015-07-07T20:00:50.807000</updated>
  <published>2015-07-07T20:00:50.807000</published>
  <author>
    <name>https://github.com/smart-on-fhir/sample-patients</name>
  </author>
  <content type="text/xml">
    
  <Observation xmlns="http://hl7.org/fhir">
    <extension url="http://fhir-registry.smarthealthit.org/Profile/vital-signs#encounter" >
        <valueResource>
            <reference value="Encounter/975"/>
        </valueResource>
    </extension>
    
    <text>
      <status value="generated"/>
      <div xmlns="http://www.w3.org/1999/xhtml">2012-03-20: height = 58.7 cm</div>
    </text>
    <name>
      <coding>
        <system value="http://loinc.org"/>
        <code value="8302-2"/>
        <display value="height"/>
      </coding>
    </name>
    <valueQuantity>
      <value value="58.7"/>
      <units value="cm"/>
      <system value="http://unitsofmeasure.org" />
      <code value="cm"/>
    </valueQuantity>
    
    <appliesDateTime value="2012-03-20"/>
    <status value="final"/>
    <reliability value="ok"/>
    <subject>
      <reference value="Patient/7777701"/>
    </subject>
  </Observation>
  
  </content>
</entry>
<entry xmlns="http://www.w3.org/2005/Atom">
  <title>SMART Patient-level resource</title>
  <id>Observation/975-weight</id>
  <updated>2015-07-07T20:00:50.807000</updated>
  <published>2015-07-07T20:00:50.807000</published>
  <author>
    <name>https://github.com/smart-on-fhir/sample-patients</name>
  </author>
  <content type="text/xml">
    
  <Observation xmlns="http://hl7.org/fhir">
    <extension url="http://fhir-registry.smarthealthit.org/Profile/vital-signs#encounter" >
        <valueResource>
            <reference value="Encounter/975"/>
        </valueResource>
    </extension>
    
    <text>
      <status value="generated"/>
      <div xmlns="http://www.w3.org/1999/xhtml">2012-03-20: weight = 5.5 kg</div>
    </text>
    <name>
      <coding>
        <system value="http://loinc.org"/>
        <code value="3141-9"/>
        <display value="weight"/>
      </coding>
    </name>
    <valueQuantity>
      <value value="5.5"/>
      <units value="kg"/>
      <system value="http://unitsofmeasure.org" />
      <code value="kg"/>
    </valueQuantity>
    
    <appliesDateTime value="2012-03-20"/>
    <status value="final"/>
    <reliability value="ok"/>
    <subject>
      <reference value="Patient/7777701"/>
    </subject>
  </Observation>
  
  </content>
</entry>
<entry xmlns="http://www.w3.org/2005/Atom">
  <title>SMART Patient-level resource</title>
  <id>Observation/976-height</id>
  <updated>2015-07-07T20:00:50.807000</updated>
  <published>2015-07-07T20:00:50.807000</published>
  <author>
    <name>https://github.com/smart-on-fhir/sample-patients</name>
  </author>
  <content type="text/xml">
    
  <Observation xmlns="http://hl7.org/fhir">
    <extension url="http://fhir-registry.smarthealthit.org/Profile/vital-signs#encounter" >
        <valueResource>
            <reference value="Encounter/976"/>
        </valueResource>
    </extension>
    
    <text>
      <status value="generated"/>
      <div xmlns="http://www.w3.org/1999/xhtml">2012-04-10: height = 61.7 cm</div>
    </text>
    <name>
      <coding>
        <system value="http://loinc.org"/>
        <code value="8302-2"/>
        <display value="height"/>
      </coding>
    </name>
    <valueQuantity>
      <value value="61.7"/>
      <units value="cm"/>
      <system value="http://unitsofmeasure.org" />
      <code value="cm"/>
    </valueQuantity>
    
    <appliesDateTime value="2012-04-10"/>
    <status value="final"/>
    <reliability value="ok"/>
    <subject>
      <reference value="Patient/7777701"/>
    </subject>
  </Observation>
  
  </content>
</entry>
<entry xmlns="http://www.w3.org/2005/Atom">
  <title>SMART Patient-level resource</title>
  <id>Observation/976-weight</id>
  <updated>2015-07-07T20:00:50.807000</updated>
  <published>2015-07-07T20:00:50.807000</published>
  <author>
    <name>https://github.com/smart-on-fhir/sample-patients</name>
  </author>
  <content type="text/xml">
    
  <Observation xmlns="http://hl7.org/fhir">
    <extension url="http://fhir-registry.smarthealthit.org/Profile/vital-signs#encounter" >
        <valueResource>
            <reference value="Encounter/976"/>
        </valueResource>
    </extension>
    
    <text>
      <status value="generated"/>
      <div xmlns="http://www.w3.org/1999/xhtml">2012-04-10: weight = 5.9 kg</div>
    </text>
    <name>
      <coding>
        <system value="http://loinc.org"/>
        <code value="3141-9"/>
        <display value="weight"/>
      </coding>
    </name>
    <valueQuantity>
      <value value="5.9"/>
      <units value="kg"/>
      <system value="http://unitsofmeasure.org" />
      <code value="kg"/>
    </valueQuantity>
    
    <appliesDateTime value="2012-04-10"/>
    <status value="final"/>
    <reliability value="ok"/>
    <subject>
      <reference value="Patient/7777701"/>
    </subject>
  </Observation>
  
  </content>
</entry>
<entry xmlns="http://www.w3.org/2005/Atom">
  <title>SMART Patient-level resource</title>
  <id>Observation/977-height</id>
  <updated>2015-07-07T20:00:50.807000</updated>
  <published>2015-07-07T20:00:50.807000</published>
  <author>
    <name>https://github.com/smart-on-fhir/sample-patients</name>
  </author>
  <content type="text/xml">
    
  <Observation xmlns="http://hl7.org/fhir">
    <extension url="http://fhir-registry.smarthealthit.org/Profile/vital-signs#encounter" >
        <valueResource>
            <reference value="Encounter/977"/>
        </valueResource>
    </extension>
    
    <text>
      <status value="generated"/>
      <div xmlns="http://www.w3.org/1999/xhtml">2012-05-10: height = 62.8 cm</div>
    </text>
    <name>
      <coding>
        <system value="http://loinc.org"/>
        <code value="8302-2"/>
        <display value="height"/>
      </coding>
    </name>
    <valueQuantity>
      <value value="62.8"/>
      <units value="cm"/>
      <system value="http://unitsofmeasure.org" />
      <code value="cm"/>
    </valueQuantity>
    
    <appliesDateTime value="2012-05-10"/>
    <status value="final"/>
    <reliability value="ok"/>
    <subject>
      <reference value="Patient/7777701"/>
    </subject>
  </Observation>
  
  </content>
</entry>
<entry xmlns="http://www.w3.org/2005/Atom">
  <title>SMART Patient-level resource</title>
  <id>Observation/977-weight</id>
  <updated>2015-07-07T20:00:50.807000</updated>
  <published>2015-07-07T20:00:50.807000</published>
  <author>
    <name>https://github.com/smart-on-fhir/sample-patients</name>
  </author>
  <content type="text/xml">
    
  <Observation xmlns="http://hl7.org/fhir">
    <extension url="http://fhir-registry.smarthealthit.org/Profile/vital-signs#encounter" >
        <valueResource>
            <reference value="Encounter/977"/>
        </valueResource>
    </extension>
    
    <text>
      <status value="generated"/>
      <div xmlns="http://www.w3.org/1999/xhtml">2012-05-10: weight = 6.4 kg</div>
    </text>
    <name>
      <coding>
        <system value="http://loinc.org"/>
        <code value="3141-9"/>
        <display value="weight"/>
      </coding>
    </name>
    <valueQuantity>
      <value value="6.4"/>
      <units value="kg"/>
      <system value="http://unitsofmeasure.org" />
      <code value="kg"/>
    </valueQuantity>
    
    <appliesDateTime value="2012-05-10"/>
    <status value="final"/>
    <reliability value="ok"/>
    <subject>
      <reference value="Patient/7777701"/>
    </subject>
  </Observation>
  
  </content>
</entry>
<entry xmlns="http://www.w3.org/2005/Atom">
  <title>SMART Patient-level resource</title>
  <id>Observation/978-height</id>
  <updated>2015-07-07T20:00:50.807000</updated>
  <published>2015-07-07T20:00:50.807000</published>
  <author>
    <name>https://github.com/smart-on-fhir/sample-patients</name>
  </author>
  <content type="text/xml">
    
  <Observation xmlns="http://hl7.org/fhir">
    <extension url="http://fhir-registry.smarthealthit.org/Profile/vital-signs#encounter" >
        <valueResource>
            <reference value="Encounter/978"/>
        </valueResource>
    </extension>
    
    <text>
      <status value="generated"/>
      <div xmlns="http://www.w3.org/1999/xhtml">2012-05-16: height = 64.2 cm</div>
    </text>
    <name>
      <coding>
        <system value="http://loinc.org"/>
        <code value="8302-2"/>
        <display value="height"/>
      </coding>
    </name>
    <valueQuantity>
      <value value="64.2"/>
      <units value="cm"/>
      <system value="http://unitsofmeasure.org" />
      <code value="cm"/>
    </valueQuantity>
    
    <appliesDateTime value="2012-05-16"/>
    <status value="final"/>
    <reliability value="ok"/>
    <subject>
      <reference value="Patient/7777701"/>
    </subject>
  </Observation>
  
  </content>
</entry>
<entry xmlns="http://www.w3.org/2005/Atom">
  <title>SMART Patient-level resource</title>
  <id>Observation/978-weight</id>
  <updated>2015-07-07T20:00:50.807000</updated>
  <published>2015-07-07T20:00:50.807000</published>
  <author>
    <name>https://github.com/smart-on-fhir/sample-patients</name>
  </author>
  <content type="text/xml">
    
  <Observation xmlns="http://hl7.org/fhir">
    <extension url="http://fhir-registry.smarthealthit.org/Profile/vital-signs#encounter" >
        <valueResource>
            <reference value="Encounter/978"/>
        </valueResource>
    </extension>
    
    <text>
      <status value="generated"/>
      <div xmlns="http://www.w3.org/1999/xhtml">2012-05-16: weight = 6.5 kg</div>
    </text>
    <name>
      <coding>
        <system value="http://loinc.org"/>
        <code value="3141-9"/>
        <display value="weight"/>
      </coding>
    </name>
    <valueQuantity>
      <value value="6.5"/>
      <units value="kg"/>
      <system value="http://unitsofmeasure.org" />
      <code value="kg"/>
    </valueQuantity>
    
    <appliesDateTime value="2012-05-16"/>
    <status value="final"/>
    <reliability value="ok"/>
    <subject>
      <reference value="Patient/7777701"/>
    </subject>
  </Observation>
  
  </content>
</entry>
<entry xmlns="http://www.w3.org/2005/Atom">
  <title>SMART Patient-level resource</title>
  <id>Observation/979-height</id>
  <updated>2015-07-07T20:00:50.807000</updated>
  <published>2015-07-07T20:00:50.807000</published>
  <author>
    <name>https://github.com/smart-on-fhir/sample-patients</name>
  </author>
  <content type="text/xml">
    
  <Observation xmlns="http://hl7.org/fhir">
    <extension url="http://fhir-registry.smarthealthit.org/Profile/vital-signs#encounter" >
        <valueResource>
            <reference value="Encounter/979"/>
        </valueResource>
    </extension>
    
    <text>
      <status value="generated"/>
      <div xmlns="http://www.w3.org/1999/xhtml">2012-07-04: height = 66.0 cm</div>
    </text>
    <name>
      <coding>
        <system value="http://loinc.org"/>
        <code value="8302-2"/>
        <display value="height"/>
      </coding>
    </name>
    <valueQuantity>
      <value value="66.0"/>
      <units value="cm"/>
      <system value="http://unitsofmeasure.org" />
      <code value="cm"/>
    </valueQuantity>
    
    <appliesDateTime value="2012-07-04"/>
    <status value="final"/>
    <reliability value="ok"/>
    <subject>
      <reference value="Patient/7777701"/>
    </subject>
  </Observation>
  
  </content>
</entry>
<entry xmlns="http://www.w3.org/2005/Atom">
  <title>SMART Patient-level resource</title>
  <id>Observation/979-weight</id>
  <updated>2015-07-07T20:00:50.807000</updated>
  <published>2015-07-07T20:00:50.807000</published>
  <author>
    <name>https://github.com/smart-on-fhir/sample-patients</name>
  </author>
  <content type="text/xml">
    
  <Observation xmlns="http://hl7.org/fhir">
    <extension url="http://fhir-registry.smarthealthit.org/Profile/vital-signs#encounter" >
        <valueResource>
            <reference value="Encounter/979"/>
        </valueResource>
    </extension>
    
    <text>
      <status value="generated"/>
      <div xmlns="http://www.w3.org/1999/xhtml">2012-07-04: weight = 7.2 kg</div>
    </text>
    <name>
      <coding>
        <system value="http://loinc.org"/>
        <code value="3141-9"/>
        <display value="weight"/>
      </coding>
    </name>
    <valueQuantity>
      <value value="7.2"/>
      <units value="kg"/>
      <system value="http://unitsofmeasure.org" />
      <code value="kg"/>
    </valueQuantity>
    
    <appliesDateTime value="2012-07-04"/>
    <status value="final"/>
    <reliability value="ok"/>
    <subject>
      <reference value="Patient/7777701"/>
    </subject>
  </Observation>
  
  </content>
</entry>
<entry xmlns="http://www.w3.org/2005/Atom">
  <title>SMART Patient-level resource</title>
  <id>Observation/980-weight</id>
  <updated>2015-07-07T20:00:50.807000</updated>
  <published>2015-07-07T20:00:50.807000</published>
  <author>
    <name>https://github.com/smart-on-fhir/sample-patients</name>
  </author>
  <content type="text/xml">
    
  <Observation xmlns="http://hl7.org/fhir">
    <extension url="http://fhir-registry.smarthealthit.org/Profile/vital-signs#encounter" >
        <valueResource>
            <reference value="Encounter/980"/>
        </valueResource>
    </extension>
    
    <text>
      <status value="generated"/>
      <div xmlns="http://www.w3.org/1999/xhtml">2012-08-22: weight = 7.7 kg</div>
    </text>
    <name>
      <coding>
        <system value="http://loinc.org"/>
        <code value="3141-9"/>
        <display value="weight"/>
      </coding>
    </name>
    <valueQuantity>
      <value value="7.7"/>
      <units value="kg"/>
      <system value="http://unitsofmeasure.org" />
      <code value="kg"/>
    </valueQuantity>
    
    <appliesDateTime value="2012-08-22"/>
    <status value="final"/>
    <reliability value="ok"/>
    <subject>
      <reference value="Patient/7777701"/>
    </subject>
  </Observation>
  
  </content>
</entry>
<entry xmlns="http://www.w3.org/2005/Atom">
  <title>SMART Patient-level resource</title>
  <id>Observation/981-height</id>
  <updated>2015-07-07T20:00:50.807000</updated>
  <published>2015-07-07T20:00:50.807000</published>
  <author>
    <name>https://github.com/smart-on-fhir/sample-patients</name>
  </author>
  <content type="text/xml">
    
  <Observation xmlns="http://hl7.org/fhir">
    <extension url="http://fhir-registry.smarthealthit.org/Profile/vital-signs#encounter" >
        <valueResource>
            <reference value="Encounter/981"/>
        </valueResource>
    </extension>
    
    <text>
      <status value="generated"/>
      <div xmlns="http://www.w3.org/1999/xhtml">2012-09-06: height = 70.4 cm</div>
    </text>
    <name>
      <coding>
        <system value="http://loinc.org"/>
        <code value="8302-2"/>
        <display value="height"/>
      </coding>
    </name>
    <valueQuantity>
      <value value="70.4"/>
      <units value="cm"/>
      <system value="http://unitsofmeasure.org" />
      <code value="cm"/>
    </valueQuantity>
    
    <appliesDateTime value="2012-09-06"/>
    <status value="final"/>
    <reliability value="ok"/>
    <subject>
      <reference value="Patient/7777701"/>
    </subject>
  </Observation>
  
  </content>
</entry>
<entry xmlns="http://www.w3.org/2005/Atom">
  <title>SMART Patient-level resource</title>
  <id>Observation/981-weight</id>
  <updated>2015-07-07T20:00:50.807000</updated>
  <published>2015-07-07T20:00:50.807000</published>
  <author>
    <name>https://github.com/smart-on-fhir/sample-patients</name>
  </author>
  <content type="text/xml">
    
  <Observation xmlns="http://hl7.org/fhir">
    <extension url="http://fhir-registry.smarthealthit.org/Profile/vital-signs#encounter" >
        <valueResource>
            <reference value="Encounter/981"/>
        </valueResource>
    </extension>
    
    <text>
      <status value="generated"/>
      <div xmlns="http://www.w3.org/1999/xhtml">2012-09-06: weight = 7.7 kg</div>
    </text>
    <name>
      <coding>
        <system value="http://loinc.org"/>
        <code value="3141-9"/>
        <display value="weight"/>
      </coding>
    </name>
    <valueQuantity>
      <value value="7.7"/>
      <units value="kg"/>
      <system value="http://unitsofmeasure.org" />
      <code value="kg"/>
    </valueQuantity>
    
    <appliesDateTime value="2012-09-06"/>
    <status value="final"/>
    <reliability value="ok"/>
    <subject>
      <reference value="Patient/7777701"/>
    </subject>
  </Observation>
  
  </content>
</entry>
<entry xmlns="http://www.w3.org/2005/Atom">
  <title>SMART Patient-level resource</title>
  <id>Observation/982-height</id>
  <updated>2015-07-07T20:00:50.807000</updated>
  <published>2015-07-07T20:00:50.807000</published>
  <author>
    <name>https://github.com/smart-on-fhir/sample-patients</name>
  </author>
  <content type="text/xml">
    
  <Observation xmlns="http://hl7.org/fhir">
    <extension url="http://fhir-registry.smarthealthit.org/Profile/vital-signs#encounter" >
        <valueResource>
            <reference value="Encounter/982"/>
        </valueResource>
    </extension>
    
    <text>
      <status value="generated"/>
      <div xmlns="http://www.w3.org/1999/xhtml">2012-10-22: height = 71.2 cm</div>
    </text>
    <name>
      <coding>
        <system value="http://loinc.org"/>
        <code value="8302-2"/>
        <display value="height"/>
      </coding>
    </name>
    <valueQuantity>
      <value value="71.2"/>
      <units value="cm"/>
      <system value="http://unitsofmeasure.org" />
      <code value="cm"/>
    </valueQuantity>
    
    <appliesDateTime value="2012-10-22"/>
    <status value="final"/>
    <reliability value="ok"/>
    <subject>
      <reference value="Patient/7777701"/>
    </subject>
  </Observation>
  
  </content>
</entry>
<entry xmlns="http://www.w3.org/2005/Atom">
  <title>SMART Patient-level resource</title>
  <id>Observation/982-weight</id>
  <updated>2015-07-07T20:00:50.807000</updated>
  <published>2015-07-07T20:00:50.807000</published>
  <author>
    <name>https://github.com/smart-on-fhir/sample-patients</name>
  </author>
  <content type="text/xml">
    
  <Observation xmlns="http://hl7.org/fhir">
    <extension url="http://fhir-registry.smarthealthit.org/Profile/vital-signs#encounter" >
        <valueResource>
            <reference value="Encounter/982"/>
        </valueResource>
    </extension>
    
    <text>
      <status value="generated"/>
      <div xmlns="http://www.w3.org/1999/xhtml">2012-10-22: weight = 8.0 kg</div>
    </text>
    <name>
      <coding>
        <system value="http://loinc.org"/>
        <code value="3141-9"/>
        <display value="weight"/>
      </coding>
    </name>
    <valueQuantity>
      <value value="8.0"/>
      <units value="kg"/>
      <system value="http://unitsofmeasure.org" />
      <code value="kg"/>
    </valueQuantity>
    
    <appliesDateTime value="2012-10-22"/>
    <status value="final"/>
    <reliability value="ok"/>
    <subject>
      <reference value="Patient/7777701"/>
    </subject>
  </Observation>
  
  </content>
</entry>
<entry xmlns="http://www.w3.org/2005/Atom">
  <title>SMART Patient-level resource</title>
  <id>Observation/983-height</id>
  <updated>2015-07-07T20:00:50.807000</updated>
  <published>2015-07-07T20:00:50.807000</published>
  <author>
    <name>https://github.com/smart-on-fhir/sample-patients</name>
  </author>
  <content type="text/xml">
    
  <Observation xmlns="http://hl7.org/fhir">
    <extension url="http://fhir-registry.smarthealthit.org/Profile/vital-signs#encounter" >
        <valueResource>
            <reference value="Encounter/983"/>
        </valueResource>
    </extension>
    
    <text>
      <status value="generated"/>
      <div xmlns="http://www.w3.org/1999/xhtml">2013-01-27: height = 73.8 cm</div>
    </text>
    <name>
      <coding>
        <system value="http://loinc.org"/>
        <code value="8302-2"/>
        <display value="height"/>
      </coding>
    </name>
    <valueQuantity>
      <value value="73.8"/>
      <units value="cm"/>
      <system value="http://unitsofmeasure.org" />
      <code value="cm"/>
    </valueQuantity>
    
    <appliesDateTime value="2013-01-27"/>
    <status value="final"/>
    <reliability value="ok"/>
    <subject>
      <reference value="Patient/7777701"/>
    </subject>
  </Observation>
  
  </content>
</entry>
<entry xmlns="http://www.w3.org/2005/Atom">
  <title>SMART Patient-level resource</title>
  <id>Observation/983-weight</id>
  <updated>2015-07-07T20:00:50.807000</updated>
  <published>2015-07-07T20:00:50.807000</published>
  <author>
    <name>https://github.com/smart-on-fhir/sample-patients</name>
  </author>
  <content type="text/xml">
    
  <Observation xmlns="http://hl7.org/fhir">
    <extension url="http://fhir-registry.smarthealthit.org/Profile/vital-signs#encounter" >
        <valueResource>
            <reference value="Encounter/983"/>
        </valueResource>
    </extension>
    
    <text>
      <status value="generated"/>
      <div xmlns="http://www.w3.org/1999/xhtml">2013-01-27: weight = 8.6 kg</div>
    </text>
    <name>
      <coding>
        <system value="http://loinc.org"/>
        <code value="3141-9"/>
        <display value="weight"/>
      </coding>
    </name>
    <valueQuantity>
      <value value="8.6"/>
      <units value="kg"/>
      <system value="http://unitsofmeasure.org" />
      <code value="kg"/>
    </valueQuantity>
    
    <appliesDateTime value="2013-01-27"/>
    <status value="final"/>
    <reliability value="ok"/>
    <subject>
      <reference value="Patient/7777701"/>
    </subject>
  </Observation>
  
  </content>
</entry>
  <entry xmlns="http://www.w3.org/2005/Atom">
  <title>SMART Patient-level resource</title>
  <id>FamilyHistory/7</id>
  <updated>2015-07-07T20:00:50.807000</updated>
  <published>2015-07-07T20:00:50.807000</published>
  <author>
    <name>https://github.com/smart-on-fhir/sample-patients</name>
  </author>
  <content type="text/xml">
    
    <FamilyHistory xmlns="http://hl7.org/fhir">
      <extension url="http://fhir-registry.smarthealthit.org/Profile/family-history#height">
        <valueQuantity>
          <value value="182"/>
          <units value="centimeters"/>
          <system value="http://unitsofmeasure.org"/>
          <code value="cm"/>
        </valueQuantity>
      </extension>
      
      <text>
        <status value="generated"/>
        <div xmlns="http://www.w3.org/1999/xhtml">Data on patient's Father</div>
      </text>
      <subject>
         <reference value="Patient/7777701"/>
      </subject>
      <relation>
        <relationship>
          <coding>
            <system value="http://hl7.org/fhir/v3/RoleCode"/>
            <code value="FTH"/>
            <display value="father"/>
          </coding>
        </relationship>
      </relation>
    </FamilyHistory>
  
  </content>
</entry>
  <entry xmlns="http://www.w3.org/2005/Atom">
  <title>SMART Patient-level resource</title>
  <id>FamilyHistory/8</id>
  <updated>2015-07-07T20:00:50.807000</updated>
  <published>2015-07-07T20:00:50.807000</published>
  <author>
    <name>https://github.com/smart-on-fhir/sample-patients</name>
  </author>
  <content type="text/xml">
    
    <FamilyHistory xmlns="http://hl7.org/fhir">
      <extension url="http://fhir-registry.smarthealthit.org/Profile/family-history#height">
        <valueQuantity>
          <value value="165.5"/>
          <units value="centimeters"/>
          <system value="http://unitsofmeasure.org"/>
          <code value="cm"/>
        </valueQuantity>
      </extension>
      
      <text>
        <status value="generated"/>
        <div xmlns="http://www.w3.org/1999/xhtml">Data on patient's Mother</div>
      </text>
      <subject>
         <reference value="Patient/7777701"/>
      </subject>
      <relation>
        <relationship>
          <coding>
            <system value="http://hl7.org/fhir/v3/RoleCode"/>
            <code value="MTH"/>
            <display value="mother"/>
          </coding>
        </relationship>
      </relation>
    </FamilyHistory>
  
  </content>
</entry>
<entry xmlns="http://www.w3.org/2005/Atom">
  <title>SMART Patient-level resource</title>
  <id>Observation/7777701-gestage</id>
  <updated>2015-07-07T20:00:50.807000</updated>
  <published>2015-07-07T20:00:50.807000</published>
  <author>
    <name>https://github.com/smart-on-fhir/sample-patients</name>
  </author>
  <content type="text/xml">
    
  <Observation xmlns="http://hl7.org/fhir">
    <text>
      <status value="generated"/>
      <div xmlns="http://www.w3.org/1999/xhtml">2011-09-16: Gestational age at birth = 28.3 weeks</div>
    </text>
    <name>
      <coding>
        <system value="http://loinc.org"/>
        <code value="18185-9"/>
        <display value="Gestational age at birth"/>
      </coding>
    </name>
    <valueQuantity>
      <value value="28.3"/>
      <units value="weeks"/>
      <system value="http://unitsofmeasure.org" />
      <code value="wk"/>
    </valueQuantity>
    
    <appliesDateTime value="2011-09-16"/>
    <status value="final"/>
    <reliability value="ok"/>
    <subject>
      <reference value="Patient/7777701"/>
    </subject>
  </Observation>
  
  </content>
</entry>

</feed>
