<?xml version="1.0" encoding="UTF-8"?>
<feed xmlns="http://www.w3.org/2005/Atom">
  <title>SMART patient bundle for transactional posting</title>
  <id>urn:uuid:35</id>
  <updated>2015-07-07T20:00:53.563000</updated>

  <entry xmlns="http://www.w3.org/2005/Atom">
  <title>SMART Patient-level resource</title>
  <id>Patient/767980</id>
  <updated>2015-07-07T20:00:53.563000</updated>
  <published>2015-07-07T20:00:53.563000</published>
  <author>
    <name>https://github.com/smart-on-fhir/sample-patients</name>
  </author>
  <content type="text/xml">
    
  <Patient xmlns="http://hl7.org/fhir">
    <text>
      <status value="generated"/>
      <div xmlns="http://www.w3.org/1999/xhtml">
        <p>Thomas Moore</p>
      </div>
    </text>
    <identifier>
      <use value="usual"/>
      <label value="SMART Hospital MRN"/>
      <system value="urn:oid:0.1.2.3.4.5.6.7"/>
      <value value="767980"/>
    </identifier>
    <name>
      <use value="official"/>
      <family value="Moore"/>
      <given value="Thomas"/>
      <given value="Q."/>
    </name>
    <telecom>
      <system value="phone"/>
      <value value="800-583-2533"/>
      <use value="mobile"/>
    </telecom>
    <telecom>
      <system value="email"/>
      <value value="thomas.moore@example.com"/>
    </telecom>
    <gender>
      <coding>
        <system value="http://hl7.org/fhir/v3/AdministrativeGender"/>
        <code value="M"/>
        <display value="Male"/>
      </coding>
    </gender>
    <birthDate value="1953-08-29" />
    <address>
      <use value="home"/>
      <line value="33 Park AveApt 2"/>
      <city value="Broken Arrow"/>
      <state value="OK"/>
      <zip value="74014"/>
      <country value="USA"/>
    </address>
    <active value="true"/>
  </Patient>
  
  </content>
</entry>
<entry xmlns="http://www.w3.org/2005/Atom">
  <title>SMART Patient-level resource</title>
  <id>Observation/1749-lab</id>
  <updated>2015-07-07T20:00:53.563000</updated>
  <published>2015-07-07T20:00:53.563000</published>
  <author>
    <name>https://github.com/smart-on-fhir/sample-patients</name>
  </author>
  <content type="text/xml">
    
  <Observation xmlns="http://hl7.org/fhir">
    <text>
      <status value="generated"/>
      <div xmlns="http://www.w3.org/1999/xhtml">2004-08-12: CK MB SerPl-mCnc = 7 ng/mL</div>
    </text>
    <name>
      <coding>
        <system value="http://loinc.org"/>
        <code value="13969-1"/>
        <display value="CK MB SerPl-mCnc"/>
      </coding>
    </name>
    <valueQuantity>
      <value value="7.0"/>
      <units value="ng/mL"/>
      <system value="http://unitsofmeasure.org" />
      <code value=""/>
    </valueQuantity>
    
    <appliesDateTime value="2004-08-12"/>
    <status value="final"/>
    <reliability value="ok"/>
    <subject>
      <reference value="Patient/767980"/>
    </subject>
    <referenceRange>
      <meaning>
        <coding>
         <system value="http://hl7.org/fhir/referencerange-meaning"/>
         <code value="normal"/>
         <display value="Normal Range"/>
       </coding>
      </meaning>
        <low>
          <value value="0.0"/>
          <units value="ng/mL"/>
          <code value="ng/mL"/>
          <system value="http://unitsofmeasure.org"/>
        </low>
        <high>
          <value value="5.0"/>
          <units value="ng/mL"/>
          <code value="ng/mL"/>
          <system value="http://unitsofmeasure.org"/>
        </high>
    </referenceRange>
    
  </Observation>
  
  </content>
</entry>
<entry xmlns="http://www.w3.org/2005/Atom">
  <title>SMART Patient-level resource</title>
  <id>Observation/1750-lab</id>
  <updated>2015-07-07T20:00:53.563000</updated>
  <published>2015-07-07T20:00:53.563000</published>
  <author>
    <name>https://github.com/smart-on-fhir/sample-patients</name>
  </author>
  <content type="text/xml">
    
  <Observation xmlns="http://hl7.org/fhir">
    <text>
      <status value="generated"/>
      <div xmlns="http://www.w3.org/1999/xhtml">2004-08-12: Troponin I SerPl-mCnc = 0 ng/mL</div>
    </text>
    <name>
      <coding>
        <system value="http://loinc.org"/>
        <code value="10839-9"/>
        <display value="Troponin I SerPl-mCnc"/>
      </coding>
    </name>
    <valueQuantity>
      <value value="0.0"/>
      <units value="ng/mL"/>
      <system value="http://unitsofmeasure.org" />
      <code value=""/>
    </valueQuantity>
    
    <appliesDateTime value="2004-08-12"/>
    <status value="final"/>
    <reliability value="ok"/>
    <subject>
      <reference value="Patient/767980"/>
    </subject>
    <referenceRange>
      <meaning>
        <coding>
         <system value="http://hl7.org/fhir/referencerange-meaning"/>
         <code value="normal"/>
         <display value="Normal Range"/>
       </coding>
      </meaning>
        <low>
          <value value="0.0"/>
          <units value="ng/mL"/>
          <code value="ng/mL"/>
          <system value="http://unitsofmeasure.org"/>
        </low>
        <high>
          <value value="1.5"/>
          <units value="ng/mL"/>
          <code value="ng/mL"/>
          <system value="http://unitsofmeasure.org"/>
        </high>
    </referenceRange>
    
  </Observation>
  
  </content>
</entry>
<entry xmlns="http://www.w3.org/2005/Atom">
  <title>SMART Patient-level resource</title>
  <id>Observation/1751-lab</id>
  <updated>2015-07-07T20:00:53.563000</updated>
  <published>2015-07-07T20:00:53.563000</published>
  <author>
    <name>https://github.com/smart-on-fhir/sample-patients</name>
  </author>
  <content type="text/xml">
    
  <Observation xmlns="http://hl7.org/fhir">
    <text>
      <status value="generated"/>
      <div xmlns="http://www.w3.org/1999/xhtml">2004-08-12: Glucose SerPl-mCnc = 142 mg/dL</div>
    </text>
    <name>
      <coding>
        <system value="http://loinc.org"/>
        <code value="2345-7"/>
        <display value="Glucose SerPl-mCnc"/>
      </coding>
    </name>
    <valueQuantity>
      <value value="142.0"/>
      <units value="mg/dL"/>
      <system value="http://unitsofmeasure.org" />
      <code value=""/>
    </valueQuantity>
    
    <appliesDateTime value="2004-08-12"/>
    <status value="final"/>
    <reliability value="ok"/>
    <subject>
      <reference value="Patient/767980"/>
    </subject>
    <referenceRange>
      <meaning>
        <coding>
         <system value="http://hl7.org/fhir/referencerange-meaning"/>
         <code value="normal"/>
         <display value="Normal Range"/>
       </coding>
      </meaning>
        <low>
          <value value="65.0"/>
          <units value="mg/dL"/>
          <code value="mg/dL"/>
          <system value="http://unitsofmeasure.org"/>
        </low>
        <high>
          <value value="99.0"/>
          <units value="mg/dL"/>
          <code value="mg/dL"/>
          <system value="http://unitsofmeasure.org"/>
        </high>
    </referenceRange>
    
  </Observation>
  
  </content>
</entry>
<entry xmlns="http://www.w3.org/2005/Atom">
  <title>SMART Patient-level resource</title>
  <id>Observation/1752-lab</id>
  <updated>2015-07-07T20:00:53.563000</updated>
  <published>2015-07-07T20:00:53.563000</published>
  <author>
    <name>https://github.com/smart-on-fhir/sample-patients</name>
  </author>
  <content type="text/xml">
    
  <Observation xmlns="http://hl7.org/fhir">
    <text>
      <status value="generated"/>
      <div xmlns="http://www.w3.org/1999/xhtml">2004-08-12: BUN SerPl-mCnc = 19 mg/dL</div>
    </text>
    <name>
      <coding>
        <system value="http://loinc.org"/>
        <code value="3094-0"/>
        <display value="BUN SerPl-mCnc"/>
      </coding>
    </name>
    <valueQuantity>
      <value value="19.0"/>
      <units value="mg/dL"/>
      <system value="http://unitsofmeasure.org" />
      <code value=""/>
    </valueQuantity>
    
    <appliesDateTime value="2004-08-12"/>
    <status value="final"/>
    <reliability value="ok"/>
    <subject>
      <reference value="Patient/767980"/>
    </subject>
    <referenceRange>
      <meaning>
        <coding>
         <system value="http://hl7.org/fhir/referencerange-meaning"/>
         <code value="normal"/>
         <display value="Normal Range"/>
       </coding>
      </meaning>
        <low>
          <value value="9.0"/>
          <units value="mg/dL"/>
          <code value="mg/dL"/>
          <system value="http://unitsofmeasure.org"/>
        </low>
        <high>
          <value value="20.0"/>
          <units value="mg/dL"/>
          <code value="mg/dL"/>
          <system value="http://unitsofmeasure.org"/>
        </high>
    </referenceRange>
    
  </Observation>
  
  </content>
</entry>
<entry xmlns="http://www.w3.org/2005/Atom">
  <title>SMART Patient-level resource</title>
  <id>Observation/1753-lab</id>
  <updated>2015-07-07T20:00:53.563000</updated>
  <published>2015-07-07T20:00:53.563000</published>
  <author>
    <name>https://github.com/smart-on-fhir/sample-patients</name>
  </author>
  <content type="text/xml">
    
  <Observation xmlns="http://hl7.org/fhir">
    <text>
      <status value="generated"/>
      <div xmlns="http://www.w3.org/1999/xhtml">2004-08-12: CK SerPl-cCnc = 448 U/L</div>
    </text>
    <name>
      <coding>
        <system value="http://loinc.org"/>
        <code value="2157-6"/>
        <display value="CK SerPl-cCnc"/>
      </coding>
    </name>
    <valueQuantity>
      <value value="448.0"/>
      <units value="U/L"/>
      <system value="http://unitsofmeasure.org" />
      <code value=""/>
    </valueQuantity>
    
    <appliesDateTime value="2004-08-12"/>
    <status value="final"/>
    <reliability value="ok"/>
    <subject>
      <reference value="Patient/767980"/>
    </subject>
    <referenceRange>
      <meaning>
        <coding>
         <system value="http://hl7.org/fhir/referencerange-meaning"/>
         <code value="normal"/>
         <display value="Normal Range"/>
       </coding>
      </meaning>
        <low>
          <value value="20.0"/>
          <units value="U/L"/>
          <code value="U/L"/>
          <system value="http://unitsofmeasure.org"/>
        </low>
        <high>
          <value value="259.0"/>
          <units value="U/L"/>
          <code value="U/L"/>
          <system value="http://unitsofmeasure.org"/>
        </high>
    </referenceRange>
    
  </Observation>
  
  </content>
</entry>
<entry xmlns="http://www.w3.org/2005/Atom">
  <title>SMART Patient-level resource</title>
  <id>Observation/1754-lab</id>
  <updated>2015-07-07T20:00:53.563000</updated>
  <published>2015-07-07T20:00:53.563000</published>
  <author>
    <name>https://github.com/smart-on-fhir/sample-patients</name>
  </author>
  <content type="text/xml">
    
  <Observation xmlns="http://hl7.org/fhir">
    <text>
      <status value="generated"/>
      <div xmlns="http://www.w3.org/1999/xhtml">2004-08-12: PMV Bld = 8.6 fL</div>
    </text>
    <name>
      <coding>
        <system value="http://loinc.org"/>
        <code value="28542-9"/>
        <display value="PMV Bld"/>
      </coding>
    </name>
    <valueQuantity>
      <value value="8.6"/>
      <units value="fL"/>
      <system value="http://unitsofmeasure.org" />
      <code value=""/>
    </valueQuantity>
    
    <appliesDateTime value="2004-08-12"/>
    <status value="final"/>
    <reliability value="ok"/>
    <subject>
      <reference value="Patient/767980"/>
    </subject>
    <referenceRange>
      <meaning>
        <coding>
         <system value="http://hl7.org/fhir/referencerange-meaning"/>
         <code value="normal"/>
         <display value="Normal Range"/>
       </coding>
      </meaning>
        <low>
          <value value="6.0"/>
          <units value="fL"/>
          <code value="fL"/>
          <system value="http://unitsofmeasure.org"/>
        </low>
        <high>
          <value value="9.5"/>
          <units value="fL"/>
          <code value="fL"/>
          <system value="http://unitsofmeasure.org"/>
        </high>
    </referenceRange>
    
  </Observation>
  
  </content>
</entry>
<entry xmlns="http://www.w3.org/2005/Atom">
  <title>SMART Patient-level resource</title>
  <id>Observation/1755-lab</id>
  <updated>2015-07-07T20:00:53.563000</updated>
  <published>2015-07-07T20:00:53.563000</published>
  <author>
    <name>https://github.com/smart-on-fhir/sample-patients</name>
  </author>
  <content type="text/xml">
    
  <Observation xmlns="http://hl7.org/fhir">
    <text>
      <status value="generated"/>
      <div xmlns="http://www.w3.org/1999/xhtml">2004-08-12: RDW RBC-Rto = 12.9 %</div>
    </text>
    <name>
      <coding>
        <system value="http://loinc.org"/>
        <code value="30385-9"/>
        <display value="RDW RBC-Rto"/>
      </coding>
    </name>
    <valueQuantity>
      <value value="12.9"/>
      <units value="%"/>
      <system value="http://unitsofmeasure.org" />
      <code value=""/>
    </valueQuantity>
    
    <appliesDateTime value="2004-08-12"/>
    <status value="final"/>
    <reliability value="ok"/>
    <subject>
      <reference value="Patient/767980"/>
    </subject>
    <referenceRange>
      <meaning>
        <coding>
         <system value="http://hl7.org/fhir/referencerange-meaning"/>
         <code value="normal"/>
         <display value="Normal Range"/>
       </coding>
      </meaning>
        <low>
          <value value="11.5"/>
          <units value="%"/>
          <code value="%"/>
          <system value="http://unitsofmeasure.org"/>
        </low>
        <high>
          <value value="14.0"/>
          <units value="%"/>
          <code value="%"/>
          <system value="http://unitsofmeasure.org"/>
        </high>
    </referenceRange>
    
  </Observation>
  
  </content>
</entry>
<entry xmlns="http://www.w3.org/2005/Atom">
  <title>SMART Patient-level resource</title>
  <id>Observation/1756-lab</id>
  <updated>2015-07-07T20:00:53.563000</updated>
  <published>2015-07-07T20:00:53.563000</published>
  <author>
    <name>https://github.com/smart-on-fhir/sample-patients</name>
  </author>
  <content type="text/xml">
    
  <Observation xmlns="http://hl7.org/fhir">
    <text>
      <status value="generated"/>
      <div xmlns="http://www.w3.org/1999/xhtml">2004-08-12: Calcium SerPl-mCnc = 9 mg/dL</div>
    </text>
    <name>
      <coding>
        <system value="http://loinc.org"/>
        <code value="17861-6"/>
        <display value="Calcium SerPl-mCnc"/>
      </coding>
    </name>
    <valueQuantity>
      <value value="9.0"/>
      <units value="mg/dL"/>
      <system value="http://unitsofmeasure.org" />
      <code value=""/>
    </valueQuantity>
    
    <appliesDateTime value="2004-08-12"/>
    <status value="final"/>
    <reliability value="ok"/>
    <subject>
      <reference value="Patient/767980"/>
    </subject>
    <referenceRange>
      <meaning>
        <coding>
         <system value="http://hl7.org/fhir/referencerange-meaning"/>
         <code value="normal"/>
         <display value="Normal Range"/>
       </coding>
      </meaning>
        <low>
          <value value="8.4"/>
          <units value="mg/dL"/>
          <code value="mg/dL"/>
          <system value="http://unitsofmeasure.org"/>
        </low>
        <high>
          <value value="10.2"/>
          <units value="mg/dL"/>
          <code value="mg/dL"/>
          <system value="http://unitsofmeasure.org"/>
        </high>
    </referenceRange>
    
  </Observation>
  
  </content>
</entry>
<entry xmlns="http://www.w3.org/2005/Atom">
  <title>SMART Patient-level resource</title>
  <id>Observation/1757-lab</id>
  <updated>2015-07-07T20:00:53.563000</updated>
  <published>2015-07-07T20:00:53.563000</published>
  <author>
    <name>https://github.com/smart-on-fhir/sample-patients</name>
  </author>
  <content type="text/xml">
    
  <Observation xmlns="http://hl7.org/fhir">
    <text>
      <status value="generated"/>
      <div xmlns="http://www.w3.org/1999/xhtml">2004-08-12: Sodium SerPl-sCnc = 142 mmol/L</div>
    </text>
    <name>
      <coding>
        <system value="http://loinc.org"/>
        <code value="2951-2"/>
        <display value="Sodium SerPl-sCnc"/>
      </coding>
    </name>
    <valueQuantity>
      <value value="142.0"/>
      <units value="mmol/L"/>
      <system value="http://unitsofmeasure.org" />
      <code value=""/>
    </valueQuantity>
    
    <appliesDateTime value="2004-08-12"/>
    <status value="final"/>
    <reliability value="ok"/>
    <subject>
      <reference value="Patient/767980"/>
    </subject>
    <referenceRange>
      <meaning>
        <coding>
         <system value="http://hl7.org/fhir/referencerange-meaning"/>
         <code value="normal"/>
         <display value="Normal Range"/>
       </coding>
      </meaning>
        <low>
          <value value="137.0"/>
          <units value="mmol/L"/>
          <code value="mmol/L"/>
          <system value="http://unitsofmeasure.org"/>
        </low>
        <high>
          <value value="145.0"/>
          <units value="mmol/L"/>
          <code value="mmol/L"/>
          <system value="http://unitsofmeasure.org"/>
        </high>
    </referenceRange>
    
  </Observation>
  
  </content>
</entry>
<entry xmlns="http://www.w3.org/2005/Atom">
  <title>SMART Patient-level resource</title>
  <id>Observation/1758-lab</id>
  <updated>2015-07-07T20:00:53.563000</updated>
  <published>2015-07-07T20:00:53.563000</published>
  <author>
    <name>https://github.com/smart-on-fhir/sample-patients</name>
  </author>
  <content type="text/xml">
    
  <Observation xmlns="http://hl7.org/fhir">
    <text>
      <status value="generated"/>
      <div xmlns="http://www.w3.org/1999/xhtml">2004-08-12: Creat SerPl-mCnc = 1.1 mg/dL</div>
    </text>
    <name>
      <coding>
        <system value="http://loinc.org"/>
        <code value="2160-0"/>
        <display value="Creat SerPl-mCnc"/>
      </coding>
    </name>
    <valueQuantity>
      <value value="1.1"/>
      <units value="mg/dL"/>
      <system value="http://unitsofmeasure.org" />
      <code value=""/>
    </valueQuantity>
    
    <appliesDateTime value="2004-08-12"/>
    <status value="final"/>
    <reliability value="ok"/>
    <subject>
      <reference value="Patient/767980"/>
    </subject>
    <referenceRange>
      <meaning>
        <coding>
         <system value="http://hl7.org/fhir/referencerange-meaning"/>
         <code value="normal"/>
         <display value="Normal Range"/>
       </coding>
      </meaning>
        <low>
          <value value="0.8"/>
          <units value="mg/dL"/>
          <code value="mg/dL"/>
          <system value="http://unitsofmeasure.org"/>
        </low>
        <high>
          <value value="1.5"/>
          <units value="mg/dL"/>
          <code value="mg/dL"/>
          <system value="http://unitsofmeasure.org"/>
        </high>
    </referenceRange>
    
  </Observation>
  
  </content>
</entry>
<entry xmlns="http://www.w3.org/2005/Atom">
  <title>SMART Patient-level resource</title>
  <id>Observation/1759-lab</id>
  <updated>2015-07-07T20:00:53.563000</updated>
  <published>2015-07-07T20:00:53.563000</published>
  <author>
    <name>https://github.com/smart-on-fhir/sample-patients</name>
  </author>
  <content type="text/xml">
    
  <Observation xmlns="http://hl7.org/fhir">
    <text>
      <status value="generated"/>
      <div xmlns="http://www.w3.org/1999/xhtml">2004-08-12: Potassium SerPl-sCnc = 3.9 mmol/L</div>
    </text>
    <name>
      <coding>
        <system value="http://loinc.org"/>
        <code value="2823-3"/>
        <display value="Potassium SerPl-sCnc"/>
      </coding>
    </name>
    <valueQuantity>
      <value value="3.9"/>
      <units value="mmol/L"/>
      <system value="http://unitsofmeasure.org" />
      <code value=""/>
    </valueQuantity>
    
    <appliesDateTime value="2004-08-12"/>
    <status value="final"/>
    <reliability value="ok"/>
    <subject>
      <reference value="Patient/767980"/>
    </subject>
    <referenceRange>
      <meaning>
        <coding>
         <system value="http://hl7.org/fhir/referencerange-meaning"/>
         <code value="normal"/>
         <display value="Normal Range"/>
       </coding>
      </meaning>
        <low>
          <value value="3.6"/>
          <units value="mmol/L"/>
          <code value="mmol/L"/>
          <system value="http://unitsofmeasure.org"/>
        </low>
        <high>
          <value value="5.5"/>
          <units value="mmol/L"/>
          <code value="mmol/L"/>
          <system value="http://unitsofmeasure.org"/>
        </high>
    </referenceRange>
    
  </Observation>
  
  </content>
</entry>
<entry xmlns="http://www.w3.org/2005/Atom">
  <title>SMART Patient-level resource</title>
  <id>Observation/1760-lab</id>
  <updated>2015-07-07T20:00:53.563000</updated>
  <published>2015-07-07T20:00:53.563000</published>
  <author>
    <name>https://github.com/smart-on-fhir/sample-patients</name>
  </author>
  <content type="text/xml">
    
  <Observation xmlns="http://hl7.org/fhir">
    <text>
      <status value="generated"/>
      <div xmlns="http://www.w3.org/1999/xhtml">2004-08-12: Chloride SerPl-sCnc = 105 mmol/L</div>
    </text>
    <name>
      <coding>
        <system value="http://loinc.org"/>
        <code value="2075-0"/>
        <display value="Chloride SerPl-sCnc"/>
      </coding>
    </name>
    <valueQuantity>
      <value value="105.0"/>
      <units value="mmol/L"/>
      <system value="http://unitsofmeasure.org" />
      <code value=""/>
    </valueQuantity>
    
    <appliesDateTime value="2004-08-12"/>
    <status value="final"/>
    <reliability value="ok"/>
    <subject>
      <reference value="Patient/767980"/>
    </subject>
    <referenceRange>
      <meaning>
        <coding>
         <system value="http://hl7.org/fhir/referencerange-meaning"/>
         <code value="normal"/>
         <display value="Normal Range"/>
       </coding>
      </meaning>
        <low>
          <value value="98.0"/>
          <units value="mmol/L"/>
          <code value="mmol/L"/>
          <system value="http://unitsofmeasure.org"/>
        </low>
        <high>
          <value value="107.0"/>
          <units value="mmol/L"/>
          <code value="mmol/L"/>
          <system value="http://unitsofmeasure.org"/>
        </high>
    </referenceRange>
    
  </Observation>
  
  </content>
</entry>
<entry xmlns="http://www.w3.org/2005/Atom">
  <title>SMART Patient-level resource</title>
  <id>Observation/1761-lab</id>
  <updated>2015-07-07T20:00:53.563000</updated>
  <published>2015-07-07T20:00:53.563000</published>
  <author>
    <name>https://github.com/smart-on-fhir/sample-patients</name>
  </author>
  <content type="text/xml">
    
  <Observation xmlns="http://hl7.org/fhir">
    <text>
      <status value="generated"/>
      <div xmlns="http://www.w3.org/1999/xhtml">2004-08-12: Neutrophils NFr Bld = 65 %</div>
    </text>
    <name>
      <coding>
        <system value="http://loinc.org"/>
        <code value="26511-6"/>
        <display value="Neutrophils NFr Bld"/>
      </coding>
    </name>
    <valueQuantity>
      <value value="65.0"/>
      <units value="%"/>
      <system value="http://unitsofmeasure.org" />
      <code value=""/>
    </valueQuantity>
    
    <appliesDateTime value="2004-08-12"/>
    <status value="final"/>
    <reliability value="ok"/>
    <subject>
      <reference value="Patient/767980"/>
    </subject>
    <referenceRange>
      <meaning>
        <coding>
         <system value="http://hl7.org/fhir/referencerange-meaning"/>
         <code value="normal"/>
         <display value="Normal Range"/>
       </coding>
      </meaning>
        <low>
          <value value="44.0"/>
          <units value="%"/>
          <code value="%"/>
          <system value="http://unitsofmeasure.org"/>
        </low>
        <high>
          <value value="74.0"/>
          <units value="%"/>
          <code value="%"/>
          <system value="http://unitsofmeasure.org"/>
        </high>
    </referenceRange>
    
  </Observation>
  
  </content>
</entry>
<entry xmlns="http://www.w3.org/2005/Atom">
  <title>SMART Patient-level resource</title>
  <id>Observation/1762-lab</id>
  <updated>2015-07-07T20:00:53.563000</updated>
  <published>2015-07-07T20:00:53.563000</published>
  <author>
    <name>https://github.com/smart-on-fhir/sample-patients</name>
  </author>
  <content type="text/xml">
    
  <Observation xmlns="http://hl7.org/fhir">
    <text>
      <status value="generated"/>
      <div xmlns="http://www.w3.org/1999/xhtml">2004-08-12: Lymphocytes NFr Bld = 27 %</div>
    </text>
    <name>
      <coding>
        <system value="http://loinc.org"/>
        <code value="26478-8"/>
        <display value="Lymphocytes NFr Bld"/>
      </coding>
    </name>
    <valueQuantity>
      <value value="27.0"/>
      <units value="%"/>
      <system value="http://unitsofmeasure.org" />
      <code value=""/>
    </valueQuantity>
    
    <appliesDateTime value="2004-08-12"/>
    <status value="final"/>
    <reliability value="ok"/>
    <subject>
      <reference value="Patient/767980"/>
    </subject>
    <referenceRange>
      <meaning>
        <coding>
         <system value="http://hl7.org/fhir/referencerange-meaning"/>
         <code value="normal"/>
         <display value="Normal Range"/>
       </coding>
      </meaning>
        <low>
          <value value="20.0"/>
          <units value="%"/>
          <code value="%"/>
          <system value="http://unitsofmeasure.org"/>
        </low>
        <high>
          <value value="50.0"/>
          <units value="%"/>
          <code value="%"/>
          <system value="http://unitsofmeasure.org"/>
        </high>
    </referenceRange>
    
  </Observation>
  
  </content>
</entry>
<entry xmlns="http://www.w3.org/2005/Atom">
  <title>SMART Patient-level resource</title>
  <id>Observation/1763-lab</id>
  <updated>2015-07-07T20:00:53.563000</updated>
  <published>2015-07-07T20:00:53.563000</published>
  <author>
    <name>https://github.com/smart-on-fhir/sample-patients</name>
  </author>
  <content type="text/xml">
    
  <Observation xmlns="http://hl7.org/fhir">
    <text>
      <status value="generated"/>
      <div xmlns="http://www.w3.org/1999/xhtml">2004-08-12: Eosinophil NFr Bld = 2 %</div>
    </text>
    <name>
      <coding>
        <system value="http://loinc.org"/>
        <code value="26450-7"/>
        <display value="Eosinophil NFr Bld"/>
      </coding>
    </name>
    <valueQuantity>
      <value value="2.0"/>
      <units value="%"/>
      <system value="http://unitsofmeasure.org" />
      <code value=""/>
    </valueQuantity>
    
    <appliesDateTime value="2004-08-12"/>
    <status value="final"/>
    <reliability value="ok"/>
    <subject>
      <reference value="Patient/767980"/>
    </subject>
    <referenceRange>
      <meaning>
        <coding>
         <system value="http://hl7.org/fhir/referencerange-meaning"/>
         <code value="normal"/>
         <display value="Normal Range"/>
       </coding>
      </meaning>
        <low>
          <value value="0.0"/>
          <units value="%"/>
          <code value="%"/>
          <system value="http://unitsofmeasure.org"/>
        </low>
        <high>
          <value value="7.0"/>
          <units value="%"/>
          <code value="%"/>
          <system value="http://unitsofmeasure.org"/>
        </high>
    </referenceRange>
    
  </Observation>
  
  </content>
</entry>
<entry xmlns="http://www.w3.org/2005/Atom">
  <title>SMART Patient-level resource</title>
  <id>Observation/1764-lab</id>
  <updated>2015-07-07T20:00:53.563000</updated>
  <published>2015-07-07T20:00:53.563000</published>
  <author>
    <name>https://github.com/smart-on-fhir/sample-patients</name>
  </author>
  <content type="text/xml">
    
  <Observation xmlns="http://hl7.org/fhir">
    <text>
      <status value="generated"/>
      <div xmlns="http://www.w3.org/1999/xhtml">2004-08-12: Hgb Bld-mCnc = 17.5 g/dL</div>
    </text>
    <name>
      <coding>
        <system value="http://loinc.org"/>
        <code value="718-7"/>
        <display value="Hgb Bld-mCnc"/>
      </coding>
    </name>
    <valueQuantity>
      <value value="17.5"/>
      <units value="g/dL"/>
      <system value="http://unitsofmeasure.org" />
      <code value=""/>
    </valueQuantity>
    
    <appliesDateTime value="2004-08-12"/>
    <status value="final"/>
    <reliability value="ok"/>
    <subject>
      <reference value="Patient/767980"/>
    </subject>
    <referenceRange>
      <meaning>
        <coding>
         <system value="http://hl7.org/fhir/referencerange-meaning"/>
         <code value="normal"/>
         <display value="Normal Range"/>
       </coding>
      </meaning>
        <low>
          <value value="13.5"/>
          <units value="g/dL"/>
          <code value="g/dL"/>
          <system value="http://unitsofmeasure.org"/>
        </low>
        <high>
          <value value="18.0"/>
          <units value="g/dL"/>
          <code value="g/dL"/>
          <system value="http://unitsofmeasure.org"/>
        </high>
    </referenceRange>
    
  </Observation>
  
  </content>
</entry>
<entry xmlns="http://www.w3.org/2005/Atom">
  <title>SMART Patient-level resource</title>
  <id>Observation/1765-lab</id>
  <updated>2015-07-07T20:00:53.563000</updated>
  <published>2015-07-07T20:00:53.563000</published>
  <author>
    <name>https://github.com/smart-on-fhir/sample-patients</name>
  </author>
  <content type="text/xml">
    
  <Observation xmlns="http://hl7.org/fhir">
    <text>
      <status value="generated"/>
      <div xmlns="http://www.w3.org/1999/xhtml">2004-08-12: WBC # Bld = 9.8 10*3/uL</div>
    </text>
    <name>
      <coding>
        <system value="http://loinc.org"/>
        <code value="26464-8"/>
        <display value="WBC # Bld"/>
      </coding>
    </name>
    <valueQuantity>
      <value value="9.8"/>
      <units value="10*3/uL"/>
      <system value="http://unitsofmeasure.org" />
      <code value=""/>
    </valueQuantity>
    
    <appliesDateTime value="2004-08-12"/>
    <status value="final"/>
    <reliability value="ok"/>
    <subject>
      <reference value="Patient/767980"/>
    </subject>
    <referenceRange>
      <meaning>
        <coding>
         <system value="http://hl7.org/fhir/referencerange-meaning"/>
         <code value="normal"/>
         <display value="Normal Range"/>
       </coding>
      </meaning>
        <low>
          <value value="4.0"/>
          <units value="10*3/uL"/>
          <code value="10*3/uL"/>
          <system value="http://unitsofmeasure.org"/>
        </low>
        <high>
          <value value="10.5"/>
          <units value="10*3/uL"/>
          <code value="10*3/uL"/>
          <system value="http://unitsofmeasure.org"/>
        </high>
    </referenceRange>
    
  </Observation>
  
  </content>
</entry>
<entry xmlns="http://www.w3.org/2005/Atom">
  <title>SMART Patient-level resource</title>
  <id>Observation/1766-lab</id>
  <updated>2015-07-07T20:00:53.563000</updated>
  <published>2015-07-07T20:00:53.563000</published>
  <author>
    <name>https://github.com/smart-on-fhir/sample-patients</name>
  </author>
  <content type="text/xml">
    
  <Observation xmlns="http://hl7.org/fhir">
    <text>
      <status value="generated"/>
      <div xmlns="http://www.w3.org/1999/xhtml">2004-08-12: RBC # Bld Auto = 5.44 10*6/uL</div>
    </text>
    <name>
      <coding>
        <system value="http://loinc.org"/>
        <code value="789-8"/>
        <display value="RBC # Bld Auto"/>
      </coding>
    </name>
    <valueQuantity>
      <value value="5.44"/>
      <units value="10*6/uL"/>
      <system value="http://unitsofmeasure.org" />
      <code value=""/>
    </valueQuantity>
    
    <appliesDateTime value="2004-08-12"/>
    <status value="final"/>
    <reliability value="ok"/>
    <subject>
      <reference value="Patient/767980"/>
    </subject>
    <referenceRange>
      <meaning>
        <coding>
         <system value="http://hl7.org/fhir/referencerange-meaning"/>
         <code value="normal"/>
         <display value="Normal Range"/>
       </coding>
      </meaning>
        <low>
          <value value="4.7"/>
          <units value="10*6/uL"/>
          <code value="10*6/uL"/>
          <system value="http://unitsofmeasure.org"/>
        </low>
        <high>
          <value value="6.0"/>
          <units value="10*6/uL"/>
          <code value="10*6/uL"/>
          <system value="http://unitsofmeasure.org"/>
        </high>
    </referenceRange>
    
  </Observation>
  
  </content>
</entry>
<entry xmlns="http://www.w3.org/2005/Atom">
  <title>SMART Patient-level resource</title>
  <id>Observation/1767-lab</id>
  <updated>2015-07-07T20:00:53.563000</updated>
  <published>2015-07-07T20:00:53.563000</published>
  <author>
    <name>https://github.com/smart-on-fhir/sample-patients</name>
  </author>
  <content type="text/xml">
    
  <Observation xmlns="http://hl7.org/fhir">
    <text>
      <status value="generated"/>
      <div xmlns="http://www.w3.org/1999/xhtml">2004-08-12: Platelet # Bld = 248 10*3/uL</div>
    </text>
    <name>
      <coding>
        <system value="http://loinc.org"/>
        <code value="26515-7"/>
        <display value="Platelet # Bld"/>
      </coding>
    </name>
    <valueQuantity>
      <value value="248.0"/>
      <units value="10*3/uL"/>
      <system value="http://unitsofmeasure.org" />
      <code value=""/>
    </valueQuantity>
    
    <appliesDateTime value="2004-08-12"/>
    <status value="final"/>
    <reliability value="ok"/>
    <subject>
      <reference value="Patient/767980"/>
    </subject>
    <referenceRange>
      <meaning>
        <coding>
         <system value="http://hl7.org/fhir/referencerange-meaning"/>
         <code value="normal"/>
         <display value="Normal Range"/>
       </coding>
      </meaning>
        <low>
          <value value="150.0"/>
          <units value="10*3/uL"/>
          <code value="10*3/uL"/>
          <system value="http://unitsofmeasure.org"/>
        </low>
        <high>
          <value value="450.0"/>
          <units value="10*3/uL"/>
          <code value="10*3/uL"/>
          <system value="http://unitsofmeasure.org"/>
        </high>
    </referenceRange>
    
  </Observation>
  
  </content>
</entry>
<entry xmlns="http://www.w3.org/2005/Atom">
  <title>SMART Patient-level resource</title>
  <id>Observation/1768-lab</id>
  <updated>2015-07-07T20:00:53.563000</updated>
  <published>2015-07-07T20:00:53.563000</published>
  <author>
    <name>https://github.com/smart-on-fhir/sample-patients</name>
  </author>
  <content type="text/xml">
    
  <Observation xmlns="http://hl7.org/fhir">
    <text>
      <status value="generated"/>
      <div xmlns="http://www.w3.org/1999/xhtml">2004-08-12: MCV RBC = 90.8 fL</div>
    </text>
    <name>
      <coding>
        <system value="http://loinc.org"/>
        <code value="30428-7"/>
        <display value="MCV RBC"/>
      </coding>
    </name>
    <valueQuantity>
      <value value="90.8"/>
      <units value="fL"/>
      <system value="http://unitsofmeasure.org" />
      <code value=""/>
    </valueQuantity>
    
    <appliesDateTime value="2004-08-12"/>
    <status value="final"/>
    <reliability value="ok"/>
    <subject>
      <reference value="Patient/767980"/>
    </subject>
    <referenceRange>
      <meaning>
        <coding>
         <system value="http://hl7.org/fhir/referencerange-meaning"/>
         <code value="normal"/>
         <display value="Normal Range"/>
       </coding>
      </meaning>
        <low>
          <value value="78.0"/>
          <units value="fL"/>
          <code value="fL"/>
          <system value="http://unitsofmeasure.org"/>
        </low>
        <high>
          <value value="100.0"/>
          <units value="fL"/>
          <code value="fL"/>
          <system value="http://unitsofmeasure.org"/>
        </high>
    </referenceRange>
    
  </Observation>
  
  </content>
</entry>
<entry xmlns="http://www.w3.org/2005/Atom">
  <title>SMART Patient-level resource</title>
  <id>Observation/1769-lab</id>
  <updated>2015-07-07T20:00:53.563000</updated>
  <published>2015-07-07T20:00:53.563000</published>
  <author>
    <name>https://github.com/smart-on-fhir/sample-patients</name>
  </author>
  <content type="text/xml">
    
  <Observation xmlns="http://hl7.org/fhir">
    <text>
      <status value="generated"/>
      <div xmlns="http://www.w3.org/1999/xhtml">2004-08-12: MCH RBC Qn Auto = 32.2 pg</div>
    </text>
    <name>
      <coding>
        <system value="http://loinc.org"/>
        <code value="785-6"/>
        <display value="MCH RBC Qn Auto"/>
      </coding>
    </name>
    <valueQuantity>
      <value value="32.2"/>
      <units value="pg"/>
      <system value="http://unitsofmeasure.org" />
      <code value=""/>
    </valueQuantity>
    
    <appliesDateTime value="2004-08-12"/>
    <status value="final"/>
    <reliability value="ok"/>
    <subject>
      <reference value="Patient/767980"/>
    </subject>
    <referenceRange>
      <meaning>
        <coding>
         <system value="http://hl7.org/fhir/referencerange-meaning"/>
         <code value="normal"/>
         <display value="Normal Range"/>
       </coding>
      </meaning>
        <low>
          <value value="27.0"/>
          <units value="pg"/>
          <code value="pg"/>
          <system value="http://unitsofmeasure.org"/>
        </low>
        <high>
          <value value="31.0"/>
          <units value="pg"/>
          <code value="pg"/>
          <system value="http://unitsofmeasure.org"/>
        </high>
    </referenceRange>
    
  </Observation>
  
  </content>
</entry>
<entry xmlns="http://www.w3.org/2005/Atom">
  <title>SMART Patient-level resource</title>
  <id>Observation/1770-lab</id>
  <updated>2015-07-07T20:00:53.563000</updated>
  <published>2015-07-07T20:00:53.563000</published>
  <author>
    <name>https://github.com/smart-on-fhir/sample-patients</name>
  </author>
  <content type="text/xml">
    
  <Observation xmlns="http://hl7.org/fhir">
    <text>
      <status value="generated"/>
      <div xmlns="http://www.w3.org/1999/xhtml">2004-08-12: MCHC RBC Auto-mCnc = 35.5 g/dL</div>
    </text>
    <name>
      <coding>
        <system value="http://loinc.org"/>
        <code value="786-4"/>
        <display value="MCHC RBC Auto-mCnc"/>
      </coding>
    </name>
    <valueQuantity>
      <value value="35.5"/>
      <units value="g/dL"/>
      <system value="http://unitsofmeasure.org" />
      <code value=""/>
    </valueQuantity>
    
    <appliesDateTime value="2004-08-12"/>
    <status value="final"/>
    <reliability value="ok"/>
    <subject>
      <reference value="Patient/767980"/>
    </subject>
    <referenceRange>
      <meaning>
        <coding>
         <system value="http://hl7.org/fhir/referencerange-meaning"/>
         <code value="normal"/>
         <display value="Normal Range"/>
       </coding>
      </meaning>
        <low>
          <value value="32.0"/>
          <units value="g/dL"/>
          <code value="g/dL"/>
          <system value="http://unitsofmeasure.org"/>
        </low>
        <high>
          <value value="36.0"/>
          <units value="g/dL"/>
          <code value="g/dL"/>
          <system value="http://unitsofmeasure.org"/>
        </high>
    </referenceRange>
    
  </Observation>
  
  </content>
</entry>
<entry xmlns="http://www.w3.org/2005/Atom">
  <title>SMART Patient-level resource</title>
  <id>MedicationPrescription/52</id>
  <updated>2015-07-07T20:00:53.563000</updated>
  <published>2015-07-07T20:00:53.563000</published>
  <author>
    <name>https://github.com/smart-on-fhir/sample-patients</name>
  </author>
  <content type="text/xml">
    
<MedicationPrescription xmlns="http://hl7.org/fhir">
  <text>
    <status value="generated"/>
    <div xmlns="http://www.w3.org/1999/xhtml">
      Cephalexin 500 MG Oral Capsule (rxnorm: 309114)
    </div>
  </text>

  <contained>
    <Medication id="med">
      <name value="Cephalexin 500 MG Oral Capsule"/>
      <code>
	<coding>
	<system value="http://www.nlm.nih.gov/research/umls/rxnorm"/>
	  <code value="309114"/>
	  <display value="Cephalexin 500 MG Oral Capsule"/>
	</coding>
      </code>
    </Medication>
  </contained>

  <status value="active" />
  <patient>
    <reference value="Patient/767980"/>
  </patient>

  <medication>
    <reference value="#med"/>
  </medication>

  <dosageInstruction>
    <timingSchedule>
      <event>
        <start value="2004-10-18"/>
      </event>
      <repeat>
        <frequency value="4"/>
        <duration value="1"/>
        <units value="d"/>
      </repeat>
      
    </timingSchedule>
    <doseQuantity>
      <value value="1"/>
      <units value="{tablet}"/>
      <system value="http://unitsofmeasure.org"/>
      <code value="{tablet}"/>
    </doseQuantity>
    
    <text value="1 qid"/>
  </dosageInstruction>
  <dispense>
     <numberOfRepeatsAllowed value="1"/>
     <quantity>
        <value value="40"/>
        <units value="{tablet}"/>
        <system value="http://unitsofmeasure.org"/>
        <code value="{tablet}"/>
     </quantity>
     <expectedSupplyDuration>
        <value value="10"/>
        <units value="days"/>
        <system value="http://unitsofmeasure.org"/>
        <code value="d"/>
     </expectedSupplyDuration>
  </dispense>
  
</MedicationPrescription>

  </content>
</entry>
<entry xmlns="http://www.w3.org/2005/Atom">
  <title>SMART Patient-level resource</title>
  <id>MedicationDispense/544</id>
  <updated>2015-07-07T20:00:53.563000</updated>
  <published>2015-07-07T20:00:53.563000</published>
  <author>
    <name>https://github.com/smart-on-fhir/sample-patients</name>
  </author>
  <content type="text/xml">
    
<MedicationDispense xmlns="http://hl7.org/fhir">
  <!--  insert contents here  -->
   <text>
    <status value="generated"/>
    <div xmlns="http://www.w3.org/1999/xhtml">
      Dispensed 40 tablets = 10 day supply of Cephalexin 500 MG Oral Capsule
    </div>
  </text>  

  <contained>
    <Medication id="med">
      <name value="Cephalexin 500 MG Oral Capsule"/>
      <code>
	<coding>
	<system value="http://www.nlm.nih.gov/research/umls/rxnorm"/>
	  <code value="309114"/>
	  <display value="Cephalexin 500 MG Oral Capsule"/>
	</coding>
      </code>
    </Medication>
  </contained>

  <patient>
    <reference value="Patient/767980"/>
  </patient>

  <authorizingPrescription>
    <reference value="MedicationPrescription/52"/>
  </authorizingPrescription>

  <dispense>
    <extension url="http://fhir-registry.smarthealthit.org/Profile/dispense#days-supply">
       <valueQuantity>
         <value value="10" />
         <units value="days" />
         <system value="http://unitsofmeasure.org" />
         <code value="d" />
       </valueQuantity>
    </extension>
    <status value="completed"/>  
    <quantity>
      <value value="40"/>
      <units value="tablets"/>
      <system value="http://unitsofmeasure.org"/>
      <code value="{tablets}"/>
    </quantity>
    <medication>
      <reference value="#med"/>
    </medication>
    <whenHandedOver value="2004-12-10"/>
  </dispense>
</MedicationDispense>

  </content>
</entry>
<entry xmlns="http://www.w3.org/2005/Atom">
  <title>SMART Patient-level resource</title>
  <id>MedicationDispense/543</id>
  <updated>2015-07-07T20:00:53.563000</updated>
  <published>2015-07-07T20:00:53.563000</published>
  <author>
    <name>https://github.com/smart-on-fhir/sample-patients</name>
  </author>
  <content type="text/xml">
    
<MedicationDispense xmlns="http://hl7.org/fhir">
  <!--  insert contents here  -->
   <text>
    <status value="generated"/>
    <div xmlns="http://www.w3.org/1999/xhtml">
      Dispensed 40 tablets = 10 day supply of Cephalexin 500 MG Oral Capsule
    </div>
  </text>  

  <contained>
    <Medication id="med">
      <name value="Cephalexin 500 MG Oral Capsule"/>
      <code>
	<coding>
	<system value="http://www.nlm.nih.gov/research/umls/rxnorm"/>
	  <code value="309114"/>
	  <display value="Cephalexin 500 MG Oral Capsule"/>
	</coding>
      </code>
    </Medication>
  </contained>

  <patient>
    <reference value="Patient/767980"/>
  </patient>

  <authorizingPrescription>
    <reference value="MedicationPrescription/52"/>
  </authorizingPrescription>

  <dispense>
    <extension url="http://fhir-registry.smarthealthit.org/Profile/dispense#days-supply">
       <valueQuantity>
         <value value="10" />
         <units value="days" />
         <system value="http://unitsofmeasure.org" />
         <code value="d" />
       </valueQuantity>
    </extension>
    <status value="completed"/>  
    <quantity>
      <value value="40"/>
      <units value="tablets"/>
      <system value="http://unitsofmeasure.org"/>
      <code value="{tablets}"/>
    </quantity>
    <medication>
      <reference value="#med"/>
    </medication>
    <whenHandedOver value="2004-10-18"/>
  </dispense>
</MedicationDispense>

  </content>
</entry>
<entry xmlns="http://www.w3.org/2005/Atom">
  <title>SMART Patient-level resource</title>
  <id>MedicationDispense/545</id>
  <updated>2015-07-07T20:00:53.563000</updated>
  <published>2015-07-07T20:00:53.563000</published>
  <author>
    <name>https://github.com/smart-on-fhir/sample-patients</name>
  </author>
  <content type="text/xml">
    
<MedicationDispense xmlns="http://hl7.org/fhir">
  <!--  insert contents here  -->
   <text>
    <status value="generated"/>
    <div xmlns="http://www.w3.org/1999/xhtml">
      Dispensed 40 tablets = 10 day supply of Cephalexin 500 MG Oral Capsule
    </div>
  </text>  

  <contained>
    <Medication id="med">
      <name value="Cephalexin 500 MG Oral Capsule"/>
      <code>
	<coding>
	<system value="http://www.nlm.nih.gov/research/umls/rxnorm"/>
	  <code value="309114"/>
	  <display value="Cephalexin 500 MG Oral Capsule"/>
	</coding>
      </code>
    </Medication>
  </contained>

  <patient>
    <reference value="Patient/767980"/>
  </patient>

  <authorizingPrescription>
    <reference value="MedicationPrescription/52"/>
  </authorizingPrescription>

  <dispense>
    <extension url="http://fhir-registry.smarthealthit.org/Profile/dispense#days-supply">
       <valueQuantity>
         <value value="10" />
         <units value="days" />
         <system value="http://unitsofmeasure.org" />
         <code value="d" />
       </valueQuantity>
    </extension>
    <status value="completed"/>  
    <quantity>
      <value value="40"/>
      <units value="tablets"/>
      <system value="http://unitsofmeasure.org"/>
      <code value="{tablets}"/>
    </quantity>
    <medication>
      <reference value="#med"/>
    </medication>
    <whenHandedOver value="2005-11-11"/>
  </dispense>
</MedicationDispense>

  </content>
</entry>
<entry xmlns="http://www.w3.org/2005/Atom">
  <title>SMART Patient-level resource</title>
  <id>MedicationPrescription/53</id>
  <updated>2015-07-07T20:00:53.563000</updated>
  <published>2015-07-07T20:00:53.563000</published>
  <author>
    <name>https://github.com/smart-on-fhir/sample-patients</name>
  </author>
  <content type="text/xml">
    
<MedicationPrescription xmlns="http://hl7.org/fhir">
  <text>
    <status value="generated"/>
    <div xmlns="http://www.w3.org/1999/xhtml">
      Metoprolol 50 MG Oral Tablet (rxnorm: 866514)
    </div>
  </text>

  <contained>
    <Medication id="med">
      <name value="Metoprolol 50 MG Oral Tablet"/>
      <code>
	<coding>
	<system value="http://www.nlm.nih.gov/research/umls/rxnorm"/>
	  <code value="866514"/>
	  <display value="Metoprolol 50 MG Oral Tablet"/>
	</coding>
      </code>
    </Medication>
  </contained>

  <status value="active" />
  <patient>
    <reference value="Patient/767980"/>
  </patient>

  <medication>
    <reference value="#med"/>
  </medication>

  <dosageInstruction>
    <timingSchedule>
      <event>
        <start value="2004-10-29"/>
      </event>
      <repeat>
        <frequency value="2"/>
        <duration value="1"/>
        <units value="d"/>
      </repeat>
      
    </timingSchedule>
    <doseQuantity>
      <value value="1"/>
      <units value="{tablet}"/>
      <system value="http://unitsofmeasure.org"/>
      <code value="{tablet}"/>
    </doseQuantity>
    
    <text value="1 bid"/>
  </dosageInstruction>
  <dispense>
     <numberOfRepeatsAllowed value="1"/>
     <quantity>
        <value value="60"/>
        <units value="{tablet}"/>
        <system value="http://unitsofmeasure.org"/>
        <code value="{tablet}"/>
     </quantity>
     <expectedSupplyDuration>
        <value value="30"/>
        <units value="days"/>
        <system value="http://unitsofmeasure.org"/>
        <code value="d"/>
     </expectedSupplyDuration>
  </dispense>
  
</MedicationPrescription>

  </content>
</entry>
<entry xmlns="http://www.w3.org/2005/Atom">
  <title>SMART Patient-level resource</title>
  <id>MedicationDispense/547</id>
  <updated>2015-07-07T20:00:53.563000</updated>
  <published>2015-07-07T20:00:53.563000</published>
  <author>
    <name>https://github.com/smart-on-fhir/sample-patients</name>
  </author>
  <content type="text/xml">
    
<MedicationDispense xmlns="http://hl7.org/fhir">
  <!--  insert contents here  -->
   <text>
    <status value="generated"/>
    <div xmlns="http://www.w3.org/1999/xhtml">
      Dispensed 60 tablets = 30 day supply of Metoprolol 50 MG Oral Tablet
    </div>
  </text>  

  <contained>
    <Medication id="med">
      <name value="Metoprolol 50 MG Oral Tablet"/>
      <code>
	<coding>
	<system value="http://www.nlm.nih.gov/research/umls/rxnorm"/>
	  <code value="866514"/>
	  <display value="Metoprolol 50 MG Oral Tablet"/>
	</coding>
      </code>
    </Medication>
  </contained>

  <patient>
    <reference value="Patient/767980"/>
  </patient>

  <authorizingPrescription>
    <reference value="MedicationPrescription/53"/>
  </authorizingPrescription>

  <dispense>
    <extension url="http://fhir-registry.smarthealthit.org/Profile/dispense#days-supply">
       <valueQuantity>
         <value value="30" />
         <units value="days" />
         <system value="http://unitsofmeasure.org" />
         <code value="d" />
       </valueQuantity>
    </extension>
    <status value="completed"/>  
    <quantity>
      <value value="60"/>
      <units value="tablets"/>
      <system value="http://unitsofmeasure.org"/>
      <code value="{tablets}"/>
    </quantity>
    <medication>
      <reference value="#med"/>
    </medication>
    <whenHandedOver value="2004-10-29"/>
  </dispense>
</MedicationDispense>

  </content>
</entry>
<entry xmlns="http://www.w3.org/2005/Atom">
  <title>SMART Patient-level resource</title>
  <id>MedicationPrescription/54</id>
  <updated>2015-07-07T20:00:53.563000</updated>
  <published>2015-07-07T20:00:53.563000</published>
  <author>
    <name>https://github.com/smart-on-fhir/sample-patients</name>
  </author>
  <content type="text/xml">
    
<MedicationPrescription xmlns="http://hl7.org/fhir">
  <text>
    <status value="generated"/>
    <div xmlns="http://www.w3.org/1999/xhtml">
      Guaifenesin 600 MG / Phenylephrine 30 MG Extended Release Tablet [Crantex LA] (rxnorm: 283342)
    </div>
  </text>

  <contained>
    <Medication id="med">
      <name value="Guaifenesin 600 MG / Phenylephrine 30 MG Extended Release Tablet [Crantex LA]"/>
      <code>
	<coding>
	<system value="http://www.nlm.nih.gov/research/umls/rxnorm"/>
	  <code value="283342"/>
	  <display value="Guaifenesin 600 MG / Phenylephrine 30 MG Extended Release Tablet [Crantex LA]"/>
	</coding>
      </code>
    </Medication>
  </contained>

  <status value="active" />
  <patient>
    <reference value="Patient/767980"/>
  </patient>

  <medication>
    <reference value="#med"/>
  </medication>

  <dosageInstruction>
    <timingSchedule>
      <event>
        <start value="2004-12-10"/>
      </event>
      <repeat>
        <frequency value="2"/>
        <duration value="1"/>
        <units value="d"/>
      </repeat>
      
    </timingSchedule>
    <doseQuantity>
      <value value="1"/>
      <units value="{tablet}"/>
      <system value="http://unitsofmeasure.org"/>
      <code value="{tablet}"/>
    </doseQuantity>
    
    <text value="1 bid"/>
  </dosageInstruction>
  <dispense>
     <numberOfRepeatsAllowed value="1"/>
     <quantity>
        <value value="20"/>
        <units value="{tablet}"/>
        <system value="http://unitsofmeasure.org"/>
        <code value="{tablet}"/>
     </quantity>
     <expectedSupplyDuration>
        <value value="10"/>
        <units value="days"/>
        <system value="http://unitsofmeasure.org"/>
        <code value="d"/>
     </expectedSupplyDuration>
  </dispense>
  
</MedicationPrescription>

  </content>
</entry>
<entry xmlns="http://www.w3.org/2005/Atom">
  <title>SMART Patient-level resource</title>
  <id>MedicationDispense/540</id>
  <updated>2015-07-07T20:00:53.563000</updated>
  <published>2015-07-07T20:00:53.563000</published>
  <author>
    <name>https://github.com/smart-on-fhir/sample-patients</name>
  </author>
  <content type="text/xml">
    
<MedicationDispense xmlns="http://hl7.org/fhir">
  <!--  insert contents here  -->
   <text>
    <status value="generated"/>
    <div xmlns="http://www.w3.org/1999/xhtml">
      Dispensed 20 tablets = 10 day supply of Guaifenesin 600 MG / Phenylephrine 30 MG Extended Release Tablet [Crantex LA]
    </div>
  </text>  

  <contained>
    <Medication id="med">
      <name value="Guaifenesin 600 MG / Phenylephrine 30 MG Extended Release Tablet [Crantex LA]"/>
      <code>
	<coding>
	<system value="http://www.nlm.nih.gov/research/umls/rxnorm"/>
	  <code value="283342"/>
	  <display value="Guaifenesin 600 MG / Phenylephrine 30 MG Extended Release Tablet [Crantex LA]"/>
	</coding>
      </code>
    </Medication>
  </contained>

  <patient>
    <reference value="Patient/767980"/>
  </patient>

  <authorizingPrescription>
    <reference value="MedicationPrescription/54"/>
  </authorizingPrescription>

  <dispense>
    <extension url="http://fhir-registry.smarthealthit.org/Profile/dispense#days-supply">
       <valueQuantity>
         <value value="10" />
         <units value="days" />
         <system value="http://unitsofmeasure.org" />
         <code value="d" />
       </valueQuantity>
    </extension>
    <status value="completed"/>  
    <quantity>
      <value value="20"/>
      <units value="tablets"/>
      <system value="http://unitsofmeasure.org"/>
      <code value="{tablets}"/>
    </quantity>
    <medication>
      <reference value="#med"/>
    </medication>
    <whenHandedOver value="2004-12-10"/>
  </dispense>
</MedicationDispense>

  </content>
</entry>
<entry xmlns="http://www.w3.org/2005/Atom">
  <title>SMART Patient-level resource</title>
  <id>MedicationPrescription/55</id>
  <updated>2015-07-07T20:00:53.563000</updated>
  <published>2015-07-07T20:00:53.563000</published>
  <author>
    <name>https://github.com/smart-on-fhir/sample-patients</name>
  </author>
  <content type="text/xml">
    
<MedicationPrescription xmlns="http://hl7.org/fhir">
  <text>
    <status value="generated"/>
    <div xmlns="http://www.w3.org/1999/xhtml">
      Metformin 500 MG Oral Tablet (rxnorm: 861007)
    </div>
  </text>

  <contained>
    <Medication id="med">
      <name value="Metformin 500 MG Oral Tablet"/>
      <code>
	<coding>
	<system value="http://www.nlm.nih.gov/research/umls/rxnorm"/>
	  <code value="861007"/>
	  <display value="Metformin 500 MG Oral Tablet"/>
	</coding>
      </code>
    </Medication>
  </contained>

  <status value="active" />
  <patient>
    <reference value="Patient/767980"/>
  </patient>

  <medication>
    <reference value="#med"/>
  </medication>

  <dosageInstruction>
    <timingSchedule>
      <event>
        <start value="2004-12-10"/>
      </event>
      <repeat>
        <frequency value="2"/>
        <duration value="1"/>
        <units value="d"/>
      </repeat>
      
    </timingSchedule>
    <doseQuantity>
      <value value="1"/>
      <units value="{tablet}"/>
      <system value="http://unitsofmeasure.org"/>
      <code value="{tablet}"/>
    </doseQuantity>
    
    <text value="1 bid"/>
  </dosageInstruction>
  <dispense>
     <numberOfRepeatsAllowed value="1"/>
     <quantity>
        <value value="60"/>
        <units value="{tablet}"/>
        <system value="http://unitsofmeasure.org"/>
        <code value="{tablet}"/>
     </quantity>
     <expectedSupplyDuration>
        <value value="30"/>
        <units value="days"/>
        <system value="http://unitsofmeasure.org"/>
        <code value="d"/>
     </expectedSupplyDuration>
  </dispense>
  
</MedicationPrescription>

  </content>
</entry>
<entry xmlns="http://www.w3.org/2005/Atom">
  <title>SMART Patient-level resource</title>
  <id>MedicationDispense/551</id>
  <updated>2015-07-07T20:00:53.563000</updated>
  <published>2015-07-07T20:00:53.563000</published>
  <author>
    <name>https://github.com/smart-on-fhir/sample-patients</name>
  </author>
  <content type="text/xml">
    
<MedicationDispense xmlns="http://hl7.org/fhir">
  <!--  insert contents here  -->
   <text>
    <status value="generated"/>
    <div xmlns="http://www.w3.org/1999/xhtml">
      Dispensed 60 tablets = 30 day supply of Metformin 500 MG Oral Tablet
    </div>
  </text>  

  <contained>
    <Medication id="med">
      <name value="Metformin 500 MG Oral Tablet"/>
      <code>
	<coding>
	<system value="http://www.nlm.nih.gov/research/umls/rxnorm"/>
	  <code value="861007"/>
	  <display value="Metformin 500 MG Oral Tablet"/>
	</coding>
      </code>
    </Medication>
  </contained>

  <patient>
    <reference value="Patient/767980"/>
  </patient>

  <authorizingPrescription>
    <reference value="MedicationPrescription/55"/>
  </authorizingPrescription>

  <dispense>
    <extension url="http://fhir-registry.smarthealthit.org/Profile/dispense#days-supply">
       <valueQuantity>
         <value value="30" />
         <units value="days" />
         <system value="http://unitsofmeasure.org" />
         <code value="d" />
       </valueQuantity>
    </extension>
    <status value="completed"/>  
    <quantity>
      <value value="60"/>
      <units value="tablets"/>
      <system value="http://unitsofmeasure.org"/>
      <code value="{tablets}"/>
    </quantity>
    <medication>
      <reference value="#med"/>
    </medication>
    <whenHandedOver value="2005-01-05"/>
  </dispense>
</MedicationDispense>

  </content>
</entry>
<entry xmlns="http://www.w3.org/2005/Atom">
  <title>SMART Patient-level resource</title>
  <id>MedicationDispense/550</id>
  <updated>2015-07-07T20:00:53.563000</updated>
  <published>2015-07-07T20:00:53.563000</published>
  <author>
    <name>https://github.com/smart-on-fhir/sample-patients</name>
  </author>
  <content type="text/xml">
    
<MedicationDispense xmlns="http://hl7.org/fhir">
  <!--  insert contents here  -->
   <text>
    <status value="generated"/>
    <div xmlns="http://www.w3.org/1999/xhtml">
      Dispensed 60 tablets = 30 day supply of Metformin 500 MG Oral Tablet
    </div>
  </text>  

  <contained>
    <Medication id="med">
      <name value="Metformin 500 MG Oral Tablet"/>
      <code>
	<coding>
	<system value="http://www.nlm.nih.gov/research/umls/rxnorm"/>
	  <code value="861007"/>
	  <display value="Metformin 500 MG Oral Tablet"/>
	</coding>
      </code>
    </Medication>
  </contained>

  <patient>
    <reference value="Patient/767980"/>
  </patient>

  <authorizingPrescription>
    <reference value="MedicationPrescription/55"/>
  </authorizingPrescription>

  <dispense>
    <extension url="http://fhir-registry.smarthealthit.org/Profile/dispense#days-supply">
       <valueQuantity>
         <value value="30" />
         <units value="days" />
         <system value="http://unitsofmeasure.org" />
         <code value="d" />
       </valueQuantity>
    </extension>
    <status value="completed"/>  
    <quantity>
      <value value="60"/>
      <units value="tablets"/>
      <system value="http://unitsofmeasure.org"/>
      <code value="{tablets}"/>
    </quantity>
    <medication>
      <reference value="#med"/>
    </medication>
    <whenHandedOver value="2005-01-01"/>
  </dispense>
</MedicationDispense>

  </content>
</entry>
<entry xmlns="http://www.w3.org/2005/Atom">
  <title>SMART Patient-level resource</title>
  <id>MedicationDispense/549</id>
  <updated>2015-07-07T20:00:53.563000</updated>
  <published>2015-07-07T20:00:53.563000</published>
  <author>
    <name>https://github.com/smart-on-fhir/sample-patients</name>
  </author>
  <content type="text/xml">
    
<MedicationDispense xmlns="http://hl7.org/fhir">
  <!--  insert contents here  -->
   <text>
    <status value="generated"/>
    <div xmlns="http://www.w3.org/1999/xhtml">
      Dispensed 60 tablets = 30 day supply of Metformin 500 MG Oral Tablet
    </div>
  </text>  

  <contained>
    <Medication id="med">
      <name value="Metformin 500 MG Oral Tablet"/>
      <code>
	<coding>
	<system value="http://www.nlm.nih.gov/research/umls/rxnorm"/>
	  <code value="861007"/>
	  <display value="Metformin 500 MG Oral Tablet"/>
	</coding>
      </code>
    </Medication>
  </contained>

  <patient>
    <reference value="Patient/767980"/>
  </patient>

  <authorizingPrescription>
    <reference value="MedicationPrescription/55"/>
  </authorizingPrescription>

  <dispense>
    <extension url="http://fhir-registry.smarthealthit.org/Profile/dispense#days-supply">
       <valueQuantity>
         <value value="30" />
         <units value="days" />
         <system value="http://unitsofmeasure.org" />
         <code value="d" />
       </valueQuantity>
    </extension>
    <status value="completed"/>  
    <quantity>
      <value value="60"/>
      <units value="tablets"/>
      <system value="http://unitsofmeasure.org"/>
      <code value="{tablets}"/>
    </quantity>
    <medication>
      <reference value="#med"/>
    </medication>
    <whenHandedOver value="2004-12-10"/>
  </dispense>
</MedicationDispense>

  </content>
</entry>
<entry xmlns="http://www.w3.org/2005/Atom">
  <title>SMART Patient-level resource</title>
  <id>MedicationPrescription/56</id>
  <updated>2015-07-07T20:00:53.563000</updated>
  <published>2015-07-07T20:00:53.563000</published>
  <author>
    <name>https://github.com/smart-on-fhir/sample-patients</name>
  </author>
  <content type="text/xml">
    
<MedicationPrescription xmlns="http://hl7.org/fhir">
  <text>
    <status value="generated"/>
    <div xmlns="http://www.w3.org/1999/xhtml">
      Codeine 2 MG/ML / Guaifenesin 20 MG/ML Oral Solution (rxnorm: 309428)
    </div>
  </text>

  <contained>
    <Medication id="med">
      <name value="Codeine 2 MG/ML / Guaifenesin 20 MG/ML Oral Solution"/>
      <code>
	<coding>
	<system value="http://www.nlm.nih.gov/research/umls/rxnorm"/>
	  <code value="309428"/>
	  <display value="Codeine 2 MG/ML / Guaifenesin 20 MG/ML Oral Solution"/>
	</coding>
      </code>
    </Medication>
  </contained>

  <status value="active" />
  <patient>
    <reference value="Patient/767980"/>
  </patient>

  <medication>
    <reference value="#med"/>
  </medication>

  <dosageInstruction>
    <timingSchedule>
      <event>
        <start value="2004-12-24"/>
      </event>
      <repeat>
        <frequency value="4"/>
        <duration value="1"/>
        <units value="d"/>
      </repeat>
      
    </timingSchedule>
    <doseQuantity>
      <value value="5"/>
      <units value="mL"/>
      <system value="http://unitsofmeasure.org"/>
      <code value="mL"/>
    </doseQuantity>
    
    <asNeededBoolean value="true"/>
    
    <text value="5 mL q6h prn cough"/>
  </dosageInstruction>
  <dispense>
     <numberOfRepeatsAllowed value="1"/>
     <quantity>
        <value value="1"/>
        <units value="mL"/>
        <system value="http://unitsofmeasure.org"/>
        <code value="mL"/>
     </quantity>
     <expectedSupplyDuration>
        <value value="6"/>
        <units value="days"/>
        <system value="http://unitsofmeasure.org"/>
        <code value="d"/>
     </expectedSupplyDuration>
  </dispense>
  
</MedicationPrescription>

  </content>
</entry>
<entry xmlns="http://www.w3.org/2005/Atom">
  <title>SMART Patient-level resource</title>
  <id>MedicationPrescription/57</id>
  <updated>2015-07-07T20:00:53.563000</updated>
  <published>2015-07-07T20:00:53.563000</published>
  <author>
    <name>https://github.com/smart-on-fhir/sample-patients</name>
  </author>
  <content type="text/xml">
    
<MedicationPrescription xmlns="http://hl7.org/fhir">
  <text>
    <status value="generated"/>
    <div xmlns="http://www.w3.org/1999/xhtml">
      24 HR Glipizide 2.5 MG Extended Release Tablet (rxnorm: 310489)
    </div>
  </text>

  <contained>
    <Medication id="med">
      <name value="24 HR Glipizide 2.5 MG Extended Release Tablet"/>
      <code>
	<coding>
	<system value="http://www.nlm.nih.gov/research/umls/rxnorm"/>
	  <code value="310489"/>
	  <display value="24 HR Glipizide 2.5 MG Extended Release Tablet"/>
	</coding>
      </code>
    </Medication>
  </contained>

  <status value="active" />
  <patient>
    <reference value="Patient/767980"/>
  </patient>

  <medication>
    <reference value="#med"/>
  </medication>

  <dosageInstruction>
    <timingSchedule>
      <event>
        <start value="2005-12-17"/>
      </event>
      <repeat>
        <frequency value="1"/>
        <duration value="1"/>
        <units value="d"/>
      </repeat>
      
    </timingSchedule>
    <doseQuantity>
      <value value="1"/>
      <units value="{tablet}"/>
      <system value="http://unitsofmeasure.org"/>
      <code value="{tablet}"/>
    </doseQuantity>
    
    <text value="1 daily"/>
  </dosageInstruction>
  <dispense>
     <numberOfRepeatsAllowed value="1"/>
     <quantity>
        <value value="30"/>
        <units value="{tablet}"/>
        <system value="http://unitsofmeasure.org"/>
        <code value="{tablet}"/>
     </quantity>
     <expectedSupplyDuration>
        <value value="30"/>
        <units value="days"/>
        <system value="http://unitsofmeasure.org"/>
        <code value="d"/>
     </expectedSupplyDuration>
  </dispense>
  
</MedicationPrescription>

  </content>
</entry>
<entry xmlns="http://www.w3.org/2005/Atom">
  <title>SMART Patient-level resource</title>
  <id>MedicationDispense/542</id>
  <updated>2015-07-07T20:00:53.563000</updated>
  <published>2015-07-07T20:00:53.563000</published>
  <author>
    <name>https://github.com/smart-on-fhir/sample-patients</name>
  </author>
  <content type="text/xml">
    
<MedicationDispense xmlns="http://hl7.org/fhir">
  <!--  insert contents here  -->
   <text>
    <status value="generated"/>
    <div xmlns="http://www.w3.org/1999/xhtml">
      Dispensed 30 tablets = 30 day supply of 24 HR Glipizide 2.5 MG Extended Release Tablet
    </div>
  </text>  

  <contained>
    <Medication id="med">
      <name value="24 HR Glipizide 2.5 MG Extended Release Tablet"/>
      <code>
	<coding>
	<system value="http://www.nlm.nih.gov/research/umls/rxnorm"/>
	  <code value="310489"/>
	  <display value="24 HR Glipizide 2.5 MG Extended Release Tablet"/>
	</coding>
      </code>
    </Medication>
  </contained>

  <patient>
    <reference value="Patient/767980"/>
  </patient>

  <authorizingPrescription>
    <reference value="MedicationPrescription/57"/>
  </authorizingPrescription>

  <dispense>
    <extension url="http://fhir-registry.smarthealthit.org/Profile/dispense#days-supply">
       <valueQuantity>
         <value value="30" />
         <units value="days" />
         <system value="http://unitsofmeasure.org" />
         <code value="d" />
       </valueQuantity>
    </extension>
    <status value="completed"/>  
    <quantity>
      <value value="30"/>
      <units value="tablets"/>
      <system value="http://unitsofmeasure.org"/>
      <code value="{tablets}"/>
    </quantity>
    <medication>
      <reference value="#med"/>
    </medication>
    <whenHandedOver value="2005-12-17"/>
  </dispense>
</MedicationDispense>

  </content>
</entry>
<entry xmlns="http://www.w3.org/2005/Atom">
  <title>SMART Patient-level resource</title>
  <id>MedicationPrescription/58</id>
  <updated>2015-07-07T20:00:53.563000</updated>
  <published>2015-07-07T20:00:53.563000</published>
  <author>
    <name>https://github.com/smart-on-fhir/sample-patients</name>
  </author>
  <content type="text/xml">
    
<MedicationPrescription xmlns="http://hl7.org/fhir">
  <text>
    <status value="generated"/>
    <div xmlns="http://www.w3.org/1999/xhtml">
      ezetimibe 10 MG / Simvastatin 40 MG Oral Tablet [Vytorin] (rxnorm: 543354)
    </div>
  </text>

  <contained>
    <Medication id="med">
      <name value="ezetimibe 10 MG / Simvastatin 40 MG Oral Tablet [Vytorin]"/>
      <code>
	<coding>
	<system value="http://www.nlm.nih.gov/research/umls/rxnorm"/>
	  <code value="543354"/>
	  <display value="ezetimibe 10 MG / Simvastatin 40 MG Oral Tablet [Vytorin]"/>
	</coding>
      </code>
    </Medication>
  </contained>

  <status value="active" />
  <patient>
    <reference value="Patient/767980"/>
  </patient>

  <medication>
    <reference value="#med"/>
  </medication>

  <dosageInstruction>
    <timingSchedule>
      <event>
        <start value="2005-12-17"/>
      </event>
      <repeat>
        <frequency value="1"/>
        <duration value="1"/>
        <units value="d"/>
      </repeat>
      
    </timingSchedule>
    <doseQuantity>
      <value value="1"/>
      <units value="{tablet}"/>
      <system value="http://unitsofmeasure.org"/>
      <code value="{tablet}"/>
    </doseQuantity>
    
    <text value="1 qhs"/>
  </dosageInstruction>
  <dispense>
     <numberOfRepeatsAllowed value="1"/>
     <quantity>
        <value value="30"/>
        <units value="{tablet}"/>
        <system value="http://unitsofmeasure.org"/>
        <code value="{tablet}"/>
     </quantity>
     <expectedSupplyDuration>
        <value value="30"/>
        <units value="days"/>
        <system value="http://unitsofmeasure.org"/>
        <code value="d"/>
     </expectedSupplyDuration>
  </dispense>
  
</MedicationPrescription>

  </content>
</entry>
<entry xmlns="http://www.w3.org/2005/Atom">
  <title>SMART Patient-level resource</title>
  <id>MedicationDispense/554</id>
  <updated>2015-07-07T20:00:53.563000</updated>
  <published>2015-07-07T20:00:53.563000</published>
  <author>
    <name>https://github.com/smart-on-fhir/sample-patients</name>
  </author>
  <content type="text/xml">
    
<MedicationDispense xmlns="http://hl7.org/fhir">
  <!--  insert contents here  -->
   <text>
    <status value="generated"/>
    <div xmlns="http://www.w3.org/1999/xhtml">
      Dispensed 30 tablets = 30 day supply of ezetimibe 10 MG / Simvastatin 40 MG Oral Tablet [Vytorin]
    </div>
  </text>  

  <contained>
    <Medication id="med">
      <name value="ezetimibe 10 MG / Simvastatin 40 MG Oral Tablet [Vytorin]"/>
      <code>
	<coding>
	<system value="http://www.nlm.nih.gov/research/umls/rxnorm"/>
	  <code value="543354"/>
	  <display value="ezetimibe 10 MG / Simvastatin 40 MG Oral Tablet [Vytorin]"/>
	</coding>
      </code>
    </Medication>
  </contained>

  <patient>
    <reference value="Patient/767980"/>
  </patient>

  <authorizingPrescription>
    <reference value="MedicationPrescription/58"/>
  </authorizingPrescription>

  <dispense>
    <extension url="http://fhir-registry.smarthealthit.org/Profile/dispense#days-supply">
       <valueQuantity>
         <value value="30" />
         <units value="days" />
         <system value="http://unitsofmeasure.org" />
         <code value="d" />
       </valueQuantity>
    </extension>
    <status value="completed"/>  
    <quantity>
      <value value="30"/>
      <units value="tablets"/>
      <system value="http://unitsofmeasure.org"/>
      <code value="{tablets}"/>
    </quantity>
    <medication>
      <reference value="#med"/>
    </medication>
    <whenHandedOver value="2005-12-17"/>
  </dispense>
</MedicationDispense>

  </content>
</entry>
<entry xmlns="http://www.w3.org/2005/Atom">
  <title>SMART Patient-level resource</title>
  <id>MedicationPrescription/59</id>
  <updated>2015-07-07T20:00:53.563000</updated>
  <published>2015-07-07T20:00:53.563000</published>
  <author>
    <name>https://github.com/smart-on-fhir/sample-patients</name>
  </author>
  <content type="text/xml">
    
<MedicationPrescription xmlns="http://hl7.org/fhir">
  <text>
    <status value="generated"/>
    <div xmlns="http://www.w3.org/1999/xhtml">
      ezetimibe 10 MG Oral Tablet [Zetia] (rxnorm: 352304)
    </div>
  </text>

  <contained>
    <Medication id="med">
      <name value="ezetimibe 10 MG Oral Tablet [Zetia]"/>
      <code>
	<coding>
	<system value="http://www.nlm.nih.gov/research/umls/rxnorm"/>
	  <code value="352304"/>
	  <display value="ezetimibe 10 MG Oral Tablet [Zetia]"/>
	</coding>
      </code>
    </Medication>
  </contained>

  <status value="active" />
  <patient>
    <reference value="Patient/767980"/>
  </patient>

  <medication>
    <reference value="#med"/>
  </medication>

  <dosageInstruction>
    <timingSchedule>
      <event>
        <start value="2006-01-06"/>
      </event>
      <repeat>
        <frequency value="1"/>
        <duration value="1"/>
        <units value="d"/>
      </repeat>
      
    </timingSchedule>
    <doseQuantity>
      <value value="1"/>
      <units value="{tablet}"/>
      <system value="http://unitsofmeasure.org"/>
      <code value="{tablet}"/>
    </doseQuantity>
    
    <text value="1 daily"/>
  </dosageInstruction>
  <dispense>
     <numberOfRepeatsAllowed value="1"/>
     <quantity>
        <value value="30"/>
        <units value="{tablet}"/>
        <system value="http://unitsofmeasure.org"/>
        <code value="{tablet}"/>
     </quantity>
     <expectedSupplyDuration>
        <value value="30"/>
        <units value="days"/>
        <system value="http://unitsofmeasure.org"/>
        <code value="d"/>
     </expectedSupplyDuration>
  </dispense>
  
</MedicationPrescription>

  </content>
</entry>
<entry xmlns="http://www.w3.org/2005/Atom">
  <title>SMART Patient-level resource</title>
  <id>MedicationDispense/553</id>
  <updated>2015-07-07T20:00:53.563000</updated>
  <published>2015-07-07T20:00:53.563000</published>
  <author>
    <name>https://github.com/smart-on-fhir/sample-patients</name>
  </author>
  <content type="text/xml">
    
<MedicationDispense xmlns="http://hl7.org/fhir">
  <!--  insert contents here  -->
   <text>
    <status value="generated"/>
    <div xmlns="http://www.w3.org/1999/xhtml">
      Dispensed 30 tablets = 30 day supply of ezetimibe 10 MG Oral Tablet [Zetia]
    </div>
  </text>  

  <contained>
    <Medication id="med">
      <name value="ezetimibe 10 MG Oral Tablet [Zetia]"/>
      <code>
	<coding>
	<system value="http://www.nlm.nih.gov/research/umls/rxnorm"/>
	  <code value="352304"/>
	  <display value="ezetimibe 10 MG Oral Tablet [Zetia]"/>
	</coding>
      </code>
    </Medication>
  </contained>

  <patient>
    <reference value="Patient/767980"/>
  </patient>

  <authorizingPrescription>
    <reference value="MedicationPrescription/59"/>
  </authorizingPrescription>

  <dispense>
    <extension url="http://fhir-registry.smarthealthit.org/Profile/dispense#days-supply">
       <valueQuantity>
         <value value="30" />
         <units value="days" />
         <system value="http://unitsofmeasure.org" />
         <code value="d" />
       </valueQuantity>
    </extension>
    <status value="completed"/>  
    <quantity>
      <value value="30"/>
      <units value="tablets"/>
      <system value="http://unitsofmeasure.org"/>
      <code value="{tablets}"/>
    </quantity>
    <medication>
      <reference value="#med"/>
    </medication>
    <whenHandedOver value="2006-01-09"/>
  </dispense>
</MedicationDispense>

  </content>
</entry>
<entry xmlns="http://www.w3.org/2005/Atom">
  <title>SMART Patient-level resource</title>
  <id>MedicationDispense/552</id>
  <updated>2015-07-07T20:00:53.563000</updated>
  <published>2015-07-07T20:00:53.563000</published>
  <author>
    <name>https://github.com/smart-on-fhir/sample-patients</name>
  </author>
  <content type="text/xml">
    
<MedicationDispense xmlns="http://hl7.org/fhir">
  <!--  insert contents here  -->
   <text>
    <status value="generated"/>
    <div xmlns="http://www.w3.org/1999/xhtml">
      Dispensed 30 tablets = 30 day supply of ezetimibe 10 MG Oral Tablet [Zetia]
    </div>
  </text>  

  <contained>
    <Medication id="med">
      <name value="ezetimibe 10 MG Oral Tablet [Zetia]"/>
      <code>
	<coding>
	<system value="http://www.nlm.nih.gov/research/umls/rxnorm"/>
	  <code value="352304"/>
	  <display value="ezetimibe 10 MG Oral Tablet [Zetia]"/>
	</coding>
      </code>
    </Medication>
  </contained>

  <patient>
    <reference value="Patient/767980"/>
  </patient>

  <authorizingPrescription>
    <reference value="MedicationPrescription/59"/>
  </authorizingPrescription>

  <dispense>
    <extension url="http://fhir-registry.smarthealthit.org/Profile/dispense#days-supply">
       <valueQuantity>
         <value value="30" />
         <units value="days" />
         <system value="http://unitsofmeasure.org" />
         <code value="d" />
       </valueQuantity>
    </extension>
    <status value="completed"/>  
    <quantity>
      <value value="30"/>
      <units value="tablets"/>
      <system value="http://unitsofmeasure.org"/>
      <code value="{tablets}"/>
    </quantity>
    <medication>
      <reference value="#med"/>
    </medication>
    <whenHandedOver value="2006-01-06"/>
  </dispense>
</MedicationDispense>

  </content>
</entry>
<entry xmlns="http://www.w3.org/2005/Atom">
  <title>SMART Patient-level resource</title>
  <id>MedicationPrescription/60</id>
  <updated>2015-07-07T20:00:53.563000</updated>
  <published>2015-07-07T20:00:53.563000</published>
  <author>
    <name>https://github.com/smart-on-fhir/sample-patients</name>
  </author>
  <content type="text/xml">
    
<MedicationPrescription xmlns="http://hl7.org/fhir">
  <text>
    <status value="generated"/>
    <div xmlns="http://www.w3.org/1999/xhtml">
      rosuvastatin 10 MG Oral Tablet [Crestor] (rxnorm: 859749)
    </div>
  </text>

  <contained>
    <Medication id="med">
      <name value="rosuvastatin 10 MG Oral Tablet [Crestor]"/>
      <code>
	<coding>
	<system value="http://www.nlm.nih.gov/research/umls/rxnorm"/>
	  <code value="859749"/>
	  <display value="rosuvastatin 10 MG Oral Tablet [Crestor]"/>
	</coding>
      </code>
    </Medication>
  </contained>

  <status value="active" />
  <patient>
    <reference value="Patient/767980"/>
  </patient>

  <medication>
    <reference value="#med"/>
  </medication>

  <dosageInstruction>
    <timingSchedule>
      <event>
        <start value="2006-01-06"/>
      </event>
      <repeat>
        <frequency value="1"/>
        <duration value="1"/>
        <units value="d"/>
      </repeat>
      
    </timingSchedule>
    <doseQuantity>
      <value value="1"/>
      <units value="{tablet}"/>
      <system value="http://unitsofmeasure.org"/>
      <code value="{tablet}"/>
    </doseQuantity>
    
    <text value="1 qhs"/>
  </dosageInstruction>
  <dispense>
     <numberOfRepeatsAllowed value="1"/>
     <quantity>
        <value value="30"/>
        <units value="{tablet}"/>
        <system value="http://unitsofmeasure.org"/>
        <code value="{tablet}"/>
     </quantity>
     <expectedSupplyDuration>
        <value value="30"/>
        <units value="days"/>
        <system value="http://unitsofmeasure.org"/>
        <code value="d"/>
     </expectedSupplyDuration>
  </dispense>
  
</MedicationPrescription>

  </content>
</entry>
<entry xmlns="http://www.w3.org/2005/Atom">
  <title>SMART Patient-level resource</title>
  <id>MedicationDispense/548</id>
  <updated>2015-07-07T20:00:53.563000</updated>
  <published>2015-07-07T20:00:53.563000</published>
  <author>
    <name>https://github.com/smart-on-fhir/sample-patients</name>
  </author>
  <content type="text/xml">
    
<MedicationDispense xmlns="http://hl7.org/fhir">
  <!--  insert contents here  -->
   <text>
    <status value="generated"/>
    <div xmlns="http://www.w3.org/1999/xhtml">
      Dispensed 30 tablets = 30 day supply of rosuvastatin 10 MG Oral Tablet [Crestor]
    </div>
  </text>  

  <contained>
    <Medication id="med">
      <name value="rosuvastatin 10 MG Oral Tablet [Crestor]"/>
      <code>
	<coding>
	<system value="http://www.nlm.nih.gov/research/umls/rxnorm"/>
	  <code value="859749"/>
	  <display value="rosuvastatin 10 MG Oral Tablet [Crestor]"/>
	</coding>
      </code>
    </Medication>
  </contained>

  <patient>
    <reference value="Patient/767980"/>
  </patient>

  <authorizingPrescription>
    <reference value="MedicationPrescription/60"/>
  </authorizingPrescription>

  <dispense>
    <extension url="http://fhir-registry.smarthealthit.org/Profile/dispense#days-supply">
       <valueQuantity>
         <value value="30" />
         <units value="days" />
         <system value="http://unitsofmeasure.org" />
         <code value="d" />
       </valueQuantity>
    </extension>
    <status value="completed"/>  
    <quantity>
      <value value="30"/>
      <units value="tablets"/>
      <system value="http://unitsofmeasure.org"/>
      <code value="{tablets}"/>
    </quantity>
    <medication>
      <reference value="#med"/>
    </medication>
    <whenHandedOver value="2006-01-06"/>
  </dispense>
</MedicationDispense>

  </content>
</entry>
<entry xmlns="http://www.w3.org/2005/Atom">
  <title>SMART Patient-level resource</title>
  <id>MedicationPrescription/61</id>
  <updated>2015-07-07T20:00:53.563000</updated>
  <published>2015-07-07T20:00:53.563000</published>
  <author>
    <name>https://github.com/smart-on-fhir/sample-patients</name>
  </author>
  <content type="text/xml">
    
<MedicationPrescription xmlns="http://hl7.org/fhir">
  <text>
    <status value="generated"/>
    <div xmlns="http://www.w3.org/1999/xhtml">
      Acetaminophen 650 MG / propoxyphene napsylate 100 MG Oral Tablet (rxnorm: 828576)
    </div>
  </text>

  <contained>
    <Medication id="med">
      <name value="Acetaminophen 650 MG / propoxyphene napsylate 100 MG Oral Tablet"/>
      <code>
	<coding>
	<system value="http://www.nlm.nih.gov/research/umls/rxnorm"/>
	  <code value="828576"/>
	  <display value="Acetaminophen 650 MG / propoxyphene napsylate 100 MG Oral Tablet"/>
	</coding>
      </code>
    </Medication>
  </contained>

  <status value="active" />
  <patient>
    <reference value="Patient/767980"/>
  </patient>

  <medication>
    <reference value="#med"/>
  </medication>

  <dosageInstruction>
    <timingSchedule>
      <event>
        <start value="2009-08-14"/>
      </event>
      <repeat>
        <frequency value="4"/>
        <duration value="1"/>
        <units value="d"/>
      </repeat>
      
    </timingSchedule>
    <doseQuantity>
      <value value="1"/>
      <units value="{tablet}"/>
      <system value="http://unitsofmeasure.org"/>
      <code value="{tablet}"/>
    </doseQuantity>
    
    <asNeededBoolean value="true"/>
    
    <text value="1 q6h prn pain"/>
  </dosageInstruction>
  <dispense>
     <numberOfRepeatsAllowed value="1"/>
     <quantity>
        <value value="20"/>
        <units value="{tablet}"/>
        <system value="http://unitsofmeasure.org"/>
        <code value="{tablet}"/>
     </quantity>
     <expectedSupplyDuration>
        <value value="4"/>
        <units value="days"/>
        <system value="http://unitsofmeasure.org"/>
        <code value="d"/>
     </expectedSupplyDuration>
  </dispense>
  
</MedicationPrescription>

  </content>
</entry>
<entry xmlns="http://www.w3.org/2005/Atom">
  <title>SMART Patient-level resource</title>
  <id>MedicationDispense/541</id>
  <updated>2015-07-07T20:00:53.563000</updated>
  <published>2015-07-07T20:00:53.563000</published>
  <author>
    <name>https://github.com/smart-on-fhir/sample-patients</name>
  </author>
  <content type="text/xml">
    
<MedicationDispense xmlns="http://hl7.org/fhir">
  <!--  insert contents here  -->
   <text>
    <status value="generated"/>
    <div xmlns="http://www.w3.org/1999/xhtml">
      Dispensed 20 tablets = 4 day supply of Acetaminophen 650 MG / propoxyphene napsylate 100 MG Oral Tablet
    </div>
  </text>  

  <contained>
    <Medication id="med">
      <name value="Acetaminophen 650 MG / propoxyphene napsylate 100 MG Oral Tablet"/>
      <code>
	<coding>
	<system value="http://www.nlm.nih.gov/research/umls/rxnorm"/>
	  <code value="828576"/>
	  <display value="Acetaminophen 650 MG / propoxyphene napsylate 100 MG Oral Tablet"/>
	</coding>
      </code>
    </Medication>
  </contained>

  <patient>
    <reference value="Patient/767980"/>
  </patient>

  <authorizingPrescription>
    <reference value="MedicationPrescription/61"/>
  </authorizingPrescription>

  <dispense>
    <extension url="http://fhir-registry.smarthealthit.org/Profile/dispense#days-supply">
       <valueQuantity>
         <value value="4" />
         <units value="days" />
         <system value="http://unitsofmeasure.org" />
         <code value="d" />
       </valueQuantity>
    </extension>
    <status value="completed"/>  
    <quantity>
      <value value="20"/>
      <units value="tablets"/>
      <system value="http://unitsofmeasure.org"/>
      <code value="{tablets}"/>
    </quantity>
    <medication>
      <reference value="#med"/>
    </medication>
    <whenHandedOver value="2009-08-14"/>
  </dispense>
</MedicationDispense>

  </content>
</entry>
  <entry xmlns="http://www.w3.org/2005/Atom">
  <title>SMART Patient-level resource</title>
  <id>Condition/247</id>
  <updated>2015-07-07T20:00:53.563000</updated>
  <published>2015-07-07T20:00:53.563000</published>
  <author>
    <name>https://github.com/smart-on-fhir/sample-patients</name>
  </author>
  <content type="text/xml">
    
  <Condition xmlns="http://hl7.org/fhir">
    <text>
     <status value="generated"/>
     <div xmlns="http://www.w3.org/1999/xhtml">Chest pain</div>   
   </text>
    <subject>
      <reference value="Patient/767980"/>
    </subject>
    <code> 
      <coding>
        <system value="http://snomed.info/sct"/>
        <code value="29857009"/>
        <display value="Chest pain"/>
      </coding>
      <text value="Chest pain"/>
    </code>
   <status value="confirmed"/>
   <onsetDate value="2004-08-12"/>
   
  </Condition>
  
  </content>
</entry>
  <entry xmlns="http://www.w3.org/2005/Atom">
  <title>SMART Patient-level resource</title>
  <id>Condition/248</id>
  <updated>2015-07-07T20:00:53.563000</updated>
  <published>2015-07-07T20:00:53.563000</published>
  <author>
    <name>https://github.com/smart-on-fhir/sample-patients</name>
  </author>
  <content type="text/xml">
    
  <Condition xmlns="http://hl7.org/fhir">
    <text>
     <status value="generated"/>
     <div xmlns="http://www.w3.org/1999/xhtml">Essential hypertension</div>   
   </text>
    <subject>
      <reference value="Patient/767980"/>
    </subject>
    <code> 
      <coding>
        <system value="http://snomed.info/sct"/>
        <code value="38341003"/>
        <display value="Essential hypertension"/>
      </coding>
      <text value="Essential hypertension"/>
    </code>
   <status value="confirmed"/>
   <onsetDate value="2004-08-12"/>
   
  </Condition>
  
  </content>
</entry>
  <entry xmlns="http://www.w3.org/2005/Atom">
  <title>SMART Patient-level resource</title>
  <id>Condition/249</id>
  <updated>2015-07-07T20:00:53.563000</updated>
  <published>2015-07-07T20:00:53.563000</published>
  <author>
    <name>https://github.com/smart-on-fhir/sample-patients</name>
  </author>
  <content type="text/xml">
    
  <Condition xmlns="http://hl7.org/fhir">
    <text>
     <status value="generated"/>
     <div xmlns="http://www.w3.org/1999/xhtml">H/O: peptic ulcer</div>   
   </text>
    <subject>
      <reference value="Patient/767980"/>
    </subject>
    <code> 
      <coding>
        <system value="http://snomed.info/sct"/>
        <code value="266998003"/>
        <display value="H/O: peptic ulcer"/>
      </coding>
      <text value="H/O: peptic ulcer"/>
    </code>
   <status value="confirmed"/>
   <onsetDate value="2004-08-12"/>
   
  </Condition>
  
  </content>
</entry>
  <entry xmlns="http://www.w3.org/2005/Atom">
  <title>SMART Patient-level resource</title>
  <id>Condition/250</id>
  <updated>2015-07-07T20:00:53.563000</updated>
  <published>2015-07-07T20:00:53.563000</published>
  <author>
    <name>https://github.com/smart-on-fhir/sample-patients</name>
  </author>
  <content type="text/xml">
    
  <Condition xmlns="http://hl7.org/fhir">
    <text>
     <status value="generated"/>
     <div xmlns="http://www.w3.org/1999/xhtml">Painful respiration</div>   
   </text>
    <subject>
      <reference value="Patient/767980"/>
    </subject>
    <code> 
      <coding>
        <system value="http://snomed.info/sct"/>
        <code value="102588006"/>
        <display value="Painful respiration"/>
      </coding>
      <text value="Painful respiration"/>
    </code>
   <status value="confirmed"/>
   <onsetDate value="2004-08-12"/>
   
  </Condition>
  
  </content>
</entry>
  <entry xmlns="http://www.w3.org/2005/Atom">
  <title>SMART Patient-level resource</title>
  <id>Condition/251</id>
  <updated>2015-07-07T20:00:53.563000</updated>
  <published>2015-07-07T20:00:53.563000</published>
  <author>
    <name>https://github.com/smart-on-fhir/sample-patients</name>
  </author>
  <content type="text/xml">
    
  <Condition xmlns="http://hl7.org/fhir">
    <text>
     <status value="generated"/>
     <div xmlns="http://www.w3.org/1999/xhtml">Pure hypercholesterolemia</div>   
   </text>
    <subject>
      <reference value="Patient/767980"/>
    </subject>
    <code> 
      <coding>
        <system value="http://snomed.info/sct"/>
        <code value="267432004"/>
        <display value="Pure hypercholesterolemia"/>
      </coding>
      <text value="Pure hypercholesterolemia"/>
    </code>
   <status value="confirmed"/>
   <onsetDate value="2004-08-12"/>
   
  </Condition>
  
  </content>
</entry>
  <entry xmlns="http://www.w3.org/2005/Atom">
  <title>SMART Patient-level resource</title>
  <id>Condition/252</id>
  <updated>2015-07-07T20:00:53.563000</updated>
  <published>2015-07-07T20:00:53.563000</published>
  <author>
    <name>https://github.com/smart-on-fhir/sample-patients</name>
  </author>
  <content type="text/xml">
    
  <Condition xmlns="http://hl7.org/fhir">
    <text>
     <status value="generated"/>
     <div xmlns="http://www.w3.org/1999/xhtml">Tobacco dependence syndrome</div>   
   </text>
    <subject>
      <reference value="Patient/767980"/>
    </subject>
    <code> 
      <coding>
        <system value="http://snomed.info/sct"/>
        <code value="89765005"/>
        <display value="Tobacco dependence syndrome"/>
      </coding>
      <text value="Tobacco dependence syndrome"/>
    </code>
   <status value="confirmed"/>
   <onsetDate value="2004-08-12"/>
   
  </Condition>
  
  </content>
</entry>
  <entry xmlns="http://www.w3.org/2005/Atom">
  <title>SMART Patient-level resource</title>
  <id>Condition/253</id>
  <updated>2015-07-07T20:00:53.563000</updated>
  <published>2015-07-07T20:00:53.563000</published>
  <author>
    <name>https://github.com/smart-on-fhir/sample-patients</name>
  </author>
  <content type="text/xml">
    
  <Condition xmlns="http://hl7.org/fhir">
    <text>
     <status value="generated"/>
     <div xmlns="http://www.w3.org/1999/xhtml">Bronchitis</div>   
   </text>
    <subject>
      <reference value="Patient/767980"/>
    </subject>
    <code> 
      <coding>
        <system value="http://snomed.info/sct"/>
        <code value="32398004"/>
        <display value="Bronchitis"/>
      </coding>
      <text value="Bronchitis"/>
    </code>
   <status value="confirmed"/>
   <onsetDate value="2004-10-18"/>
   
  </Condition>
  
  </content>
</entry>
  <entry xmlns="http://www.w3.org/2005/Atom">
  <title>SMART Patient-level resource</title>
  <id>Condition/254</id>
  <updated>2015-07-07T20:00:53.563000</updated>
  <published>2015-07-07T20:00:53.563000</published>
  <author>
    <name>https://github.com/smart-on-fhir/sample-patients</name>
  </author>
  <content type="text/xml">
    
  <Condition xmlns="http://hl7.org/fhir">
    <text>
     <status value="generated"/>
     <div xmlns="http://www.w3.org/1999/xhtml">Blood chemistry abnormal</div>   
   </text>
    <subject>
      <reference value="Patient/767980"/>
    </subject>
    <code> 
      <coding>
        <system value="http://snomed.info/sct"/>
        <code value="80394007"/>
        <display value="Blood chemistry abnormal"/>
      </coding>
      <text value="Blood chemistry abnormal"/>
    </code>
   <status value="confirmed"/>
   <onsetDate value="2004-10-22"/>
   
  </Condition>
  
  </content>
</entry>
  <entry xmlns="http://www.w3.org/2005/Atom">
  <title>SMART Patient-level resource</title>
  <id>Condition/255</id>
  <updated>2015-07-07T20:00:53.563000</updated>
  <published>2015-07-07T20:00:53.563000</published>
  <author>
    <name>https://github.com/smart-on-fhir/sample-patients</name>
  </author>
  <content type="text/xml">
    
  <Condition xmlns="http://hl7.org/fhir">
    <text>
     <status value="generated"/>
     <div xmlns="http://www.w3.org/1999/xhtml">Acute upper respiratory infection</div>   
   </text>
    <subject>
      <reference value="Patient/767980"/>
    </subject>
    <code> 
      <coding>
        <system value="http://snomed.info/sct"/>
        <code value="54150009"/>
        <display value="Acute upper respiratory infection"/>
      </coding>
      <text value="Acute upper respiratory infection"/>
    </code>
   <status value="confirmed"/>
   <onsetDate value="2004-12-10"/>
   
  </Condition>
  
  </content>
</entry>
  <entry xmlns="http://www.w3.org/2005/Atom">
  <title>SMART Patient-level resource</title>
  <id>Condition/256</id>
  <updated>2015-07-07T20:00:53.563000</updated>
  <published>2015-07-07T20:00:53.563000</published>
  <author>
    <name>https://github.com/smart-on-fhir/sample-patients</name>
  </author>
  <content type="text/xml">
    
  <Condition xmlns="http://hl7.org/fhir">
    <text>
     <status value="generated"/>
     <div xmlns="http://www.w3.org/1999/xhtml">Diabetes mellitus type 2</div>   
   </text>
    <subject>
      <reference value="Patient/767980"/>
    </subject>
    <code> 
      <coding>
        <system value="http://snomed.info/sct"/>
        <code value="44054006"/>
        <display value="Diabetes mellitus type 2"/>
      </coding>
      <text value="Diabetes mellitus type 2"/>
    </code>
   <status value="confirmed"/>
   <onsetDate value="2004-12-10"/>
   
  </Condition>
  
  </content>
</entry>
  <entry xmlns="http://www.w3.org/2005/Atom">
  <title>SMART Patient-level resource</title>
  <id>Condition/257</id>
  <updated>2015-07-07T20:00:53.563000</updated>
  <published>2015-07-07T20:00:53.563000</published>
  <author>
    <name>https://github.com/smart-on-fhir/sample-patients</name>
  </author>
  <content type="text/xml">
    
  <Condition xmlns="http://hl7.org/fhir">
    <text>
     <status value="generated"/>
     <div xmlns="http://www.w3.org/1999/xhtml">Needs influenza immunization</div>   
   </text>
    <subject>
      <reference value="Patient/767980"/>
    </subject>
    <code> 
      <coding>
        <system value="http://snomed.info/sct"/>
        <code value="185903001"/>
        <display value="Needs influenza immunization"/>
      </coding>
      <text value="Needs influenza immunization"/>
    </code>
   <status value="confirmed"/>
   <onsetDate value="2005-09-08"/>
   
  </Condition>
  
  </content>
</entry>
  <entry xmlns="http://www.w3.org/2005/Atom">
  <title>SMART Patient-level resource</title>
  <id>Condition/258</id>
  <updated>2015-07-07T20:00:53.563000</updated>
  <published>2015-07-07T20:00:53.563000</published>
  <author>
    <name>https://github.com/smart-on-fhir/sample-patients</name>
  </author>
  <content type="text/xml">
    
  <Condition xmlns="http://hl7.org/fhir">
    <text>
     <status value="generated"/>
     <div xmlns="http://www.w3.org/1999/xhtml">Incomplete emptying of bladder</div>   
   </text>
    <subject>
      <reference value="Patient/767980"/>
    </subject>
    <code> 
      <coding>
        <system value="http://snomed.info/sct"/>
        <code value="249288007"/>
        <display value="Incomplete emptying of bladder"/>
      </coding>
      <text value="Incomplete emptying of bladder"/>
    </code>
   <status value="confirmed"/>
   <onsetDate value="2005-12-16"/>
   
  </Condition>
  
  </content>
</entry>
<entry xmlns="http://www.w3.org/2005/Atom">
  <title>SMART Patient-level resource</title>
  <id>Observation/14-smokingstatus</id>
  <updated>2015-07-07T20:00:53.563000</updated>
  <published>2015-07-07T20:00:53.563000</published>
  <author>
    <name>https://github.com/smart-on-fhir/sample-patients</name>
  </author>
  <content type="text/xml">
    
  <Observation xmlns="http://hl7.org/fhir">
    <text>
      <status value="generated"/>
      <div xmlns="http://www.w3.org/1999/xhtml">Tobacco smoking status: Current some day smoker</div>
    </text>
    <name>
      <coding>
        <system value="http://loinc.org"/>
        <code value="72166-2"/>
        <display value="Tobacco smoking status"/>
      </coding>
    </name>
    <valueCodeableConcept>
      <coding>
        <system value="http://snomed.info/sct"/>
        <code value="428041000124106"/>
        <display value="Current some day smoker"/>
      </coding>
    </valueCodeableConcept>
    <status value="final"/>
    <reliability value="ok"/>
    <subject>
      <reference value="Patient/767980"/>
    </subject>
  </Observation>
  
  </content>
</entry>
  <entry xmlns="http://www.w3.org/2005/Atom">
  <title>SMART Patient-level resource</title>
  <id>List/12</id>
  <updated>2015-07-07T20:00:53.563000</updated>
  <published>2015-07-07T20:00:53.563000</published>
  <author>
    <name>https://github.com/smart-on-fhir/sample-patients</name>
  </author>
  <content type="text/xml">
    
    <List xmlns="http://hl7.org/fhir">
        <text>
            <status value="generated"/>
            <div xmlns="http://www.w3.org/1999/xhtml">No known allergies</div>
        </text>
        <code>
            <coding>
               <system value="http://loinc.org/"/>
               <code value="52473-6"/>
               <display value="Allergy"/>
            </coding>
        </code>
        <subject>
          <reference value="Patient/767980"/>
        </subject>
        <date value="2000"/>
        <mode value="snapshot"/>
        <emptyReason>
            <coding>
                <system value="http://hl7.org/fhir/list-empty-reason"/>
                <code value="nilknown"/>
                <display value="Nil Known"/>
            </coding>
        </emptyReason>
    </List>
  
  </content>
</entry>

</feed>
