<?xml version="1.0" encoding="UTF-8"?>
<feed xmlns="http://www.w3.org/2005/Atom">
  <title>SMART patient bundle for transactional posting</title>
  <id>urn:uuid:41</id>
  <updated>2015-07-07T20:00:53.950000</updated>

  <entry xmlns="http://www.w3.org/2005/Atom">
  <title>SMART Patient-level resource</title>
  <id>Patient/5555002</id>
  <updated>2015-07-07T20:00:53.950000</updated>
  <published>2015-07-07T20:00:53.950000</published>
  <author>
    <name>https://github.com/smart-on-fhir/sample-patients</name>
  </author>
  <content type="text/xml">
    
  <Patient xmlns="http://hl7.org/fhir">
    <text>
      <status value="generated"/>
      <div xmlns="http://www.w3.org/1999/xhtml">
        <p>Michael Peters</p>
      </div>
    </text>
    <identifier>
      <use value="usual"/>
      <label value="SMART Hospital MRN"/>
      <system value="urn:oid:0.1.2.3.4.5.6.7"/>
      <value value="5555002"/>
    </identifier>
    <name>
      <use value="official"/>
      <family value="Peters"/>
      <given value="Michael"/>
      <given value="J."/>
    </name>
    <telecom>
      <system value="email"/>
      <value value="michael.peters@example.com"/>
    </telecom>
    <gender>
      <coding>
        <system value="http://hl7.org/fhir/v3/AdministrativeGender"/>
        <code value="M"/>
        <display value="Male"/>
      </coding>
    </gender>
    <birthDate value="1967-01-02" />
    <address>
      <use value="home"/>
      <line value="277 Dan Road"/>
      <city value="Greensboro"/>
      <state value="NC"/>
      <zip value="27214"/>
      <country value="USA"/>
    </address>
    <active value="true"/>
  </Patient>
  
  </content>
</entry>
<entry xmlns="http://www.w3.org/2005/Atom">
  <title>SMART Patient-level resource</title>
  <id>MedicationPrescription/315</id>
  <updated>2015-07-07T20:00:53.950000</updated>
  <published>2015-07-07T20:00:53.950000</published>
  <author>
    <name>https://github.com/smart-on-fhir/sample-patients</name>
  </author>
  <content type="text/xml">
    
<MedicationPrescription xmlns="http://hl7.org/fhir">
  <text>
    <status value="generated"/>
    <div xmlns="http://www.w3.org/1999/xhtml">
      Atorvastatin Tablet 80mg (rxnorm: 259255)
    </div>
  </text>

  <contained>
    <Medication id="med">
      <name value="Atorvastatin Tablet 80mg"/>
      <code>
	<coding>
	<system value="http://www.nlm.nih.gov/research/umls/rxnorm"/>
	  <code value="259255"/>
	  <display value="Atorvastatin Tablet 80mg"/>
	</coding>
      </code>
    </Medication>
  </contained>

  <status value="active" />
  <patient>
    <reference value="Patient/5555002"/>
  </patient>

  <medication>
    <reference value="#med"/>
  </medication>

  <dosageInstruction>
    <timingSchedule>
      <event>
        <start value="2012-04-06"/>
      </event>
      <repeat>
        <frequency value="1"/>
        <duration value="1"/>
        <units value="d"/>
      </repeat>
      
    </timingSchedule>
    <doseQuantity>
      <value value="1"/>
      <units value="{tablet}"/>
      <system value="http://unitsofmeasure.org"/>
      <code value="{tablet}"/>
    </doseQuantity>
    
    <text value="1 tab qd"/>
  </dosageInstruction>
  <dispense>
     <numberOfRepeatsAllowed value="1"/>
     <quantity>
        <value value="30"/>
        <units value="{tablet}"/>
        <system value="http://unitsofmeasure.org"/>
        <code value="{tablet}"/>
     </quantity>
     <expectedSupplyDuration>
        <value value="30"/>
        <units value="days"/>
        <system value="http://unitsofmeasure.org"/>
        <code value="d"/>
     </expectedSupplyDuration>
  </dispense>
  
</MedicationPrescription>

  </content>
</entry>
<entry xmlns="http://www.w3.org/2005/Atom">
  <title>SMART Patient-level resource</title>
  <id>MedicationPrescription/316</id>
  <updated>2015-07-07T20:00:53.950000</updated>
  <published>2015-07-07T20:00:53.950000</published>
  <author>
    <name>https://github.com/smart-on-fhir/sample-patients</name>
  </author>
  <content type="text/xml">
    
<MedicationPrescription xmlns="http://hl7.org/fhir">
  <text>
    <status value="generated"/>
    <div xmlns="http://www.w3.org/1999/xhtml">
      Zetia Tablet 10mg (rxnorm: 352304)
    </div>
  </text>

  <contained>
    <Medication id="med">
      <name value="Zetia Tablet 10mg"/>
      <code>
	<coding>
	<system value="http://www.nlm.nih.gov/research/umls/rxnorm"/>
	  <code value="352304"/>
	  <display value="Zetia Tablet 10mg"/>
	</coding>
      </code>
    </Medication>
  </contained>

  <status value="active" />
  <patient>
    <reference value="Patient/5555002"/>
  </patient>

  <medication>
    <reference value="#med"/>
  </medication>

  <dosageInstruction>
    <timingSchedule>
      <event>
        <start value="2014-08-06"/>
      </event>
      <repeat>
        <frequency value="1"/>
        <duration value="1"/>
        <units value="d"/>
      </repeat>
      
    </timingSchedule>
    <doseQuantity>
      <value value="1"/>
      <units value="{tablet}"/>
      <system value="http://unitsofmeasure.org"/>
      <code value="{tablet}"/>
    </doseQuantity>
    
    <text value="1 tab qd"/>
  </dosageInstruction>
  <dispense>
     <numberOfRepeatsAllowed value="1"/>
     <quantity>
        <value value="30"/>
        <units value="{tablet}"/>
        <system value="http://unitsofmeasure.org"/>
        <code value="{tablet}"/>
     </quantity>
     <expectedSupplyDuration>
        <value value="30"/>
        <units value="days"/>
        <system value="http://unitsofmeasure.org"/>
        <code value="d"/>
     </expectedSupplyDuration>
  </dispense>
  
</MedicationPrescription>

  </content>
</entry>
<entry xmlns="http://www.w3.org/2005/Atom">
  <title>SMART Patient-level resource</title>
  <id>MedicationPrescription/317</id>
  <updated>2015-07-07T20:00:53.950000</updated>
  <published>2015-07-07T20:00:53.950000</published>
  <author>
    <name>https://github.com/smart-on-fhir/sample-patients</name>
  </author>
  <content type="text/xml">
    
<MedicationPrescription xmlns="http://hl7.org/fhir">
  <text>
    <status value="generated"/>
    <div xmlns="http://www.w3.org/1999/xhtml">
      Niacin ER Tablet 500mg (rxnorm: 1098141)
    </div>
  </text>

  <contained>
    <Medication id="med">
      <name value="Niacin ER Tablet 500mg"/>
      <code>
	<coding>
	<system value="http://www.nlm.nih.gov/research/umls/rxnorm"/>
	  <code value="1098141"/>
	  <display value="Niacin ER Tablet 500mg"/>
	</coding>
      </code>
    </Medication>
  </contained>

  <status value="active" />
  <patient>
    <reference value="Patient/5555002"/>
  </patient>

  <medication>
    <reference value="#med"/>
  </medication>

  <dosageInstruction>
    <timingSchedule>
      <event>
        <start value="2014-11-01"/>
      </event>
      <repeat>
        <frequency value="1"/>
        <duration value="1"/>
        <units value="d"/>
      </repeat>
      
    </timingSchedule>
    <doseQuantity>
      <value value="1"/>
      <units value="{tablet}"/>
      <system value="http://unitsofmeasure.org"/>
      <code value="{tablet}"/>
    </doseQuantity>
    
    <text value="1 tab qhs"/>
  </dosageInstruction>
  <dispense>
     <numberOfRepeatsAllowed value="1"/>
     <quantity>
        <value value="30"/>
        <units value="{tablet}"/>
        <system value="http://unitsofmeasure.org"/>
        <code value="{tablet}"/>
     </quantity>
     <expectedSupplyDuration>
        <value value="30"/>
        <units value="days"/>
        <system value="http://unitsofmeasure.org"/>
        <code value="d"/>
     </expectedSupplyDuration>
  </dispense>
  
</MedicationPrescription>

  </content>
</entry>
<entry xmlns="http://www.w3.org/2005/Atom">
  <title>SMART Patient-level resource</title>
  <id>MedicationPrescription/318</id>
  <updated>2015-07-07T20:00:53.950000</updated>
  <published>2015-07-07T20:00:53.950000</published>
  <author>
    <name>https://github.com/smart-on-fhir/sample-patients</name>
  </author>
  <content type="text/xml">
    
<MedicationPrescription xmlns="http://hl7.org/fhir">
  <text>
    <status value="generated"/>
    <div xmlns="http://www.w3.org/1999/xhtml">
      Kombiglyze XR Tablet 5/500mg (rxnorm: 1043582)
    </div>
  </text>

  <contained>
    <Medication id="med">
      <name value="Kombiglyze XR Tablet 5/500mg"/>
      <code>
	<coding>
	<system value="http://www.nlm.nih.gov/research/umls/rxnorm"/>
	  <code value="1043582"/>
	  <display value="Kombiglyze XR Tablet 5/500mg"/>
	</coding>
      </code>
    </Medication>
  </contained>

  <status value="active" />
  <patient>
    <reference value="Patient/5555002"/>
  </patient>

  <medication>
    <reference value="#med"/>
  </medication>

  <dosageInstruction>
    <timingSchedule>
      <event>
        <start value="2014-08-06"/>
      </event>
      <repeat>
        <frequency value="1"/>
        <duration value="1"/>
        <units value="d"/>
      </repeat>
      
    </timingSchedule>
    <doseQuantity>
      <value value="1"/>
      <units value="{tablet}"/>
      <system value="http://unitsofmeasure.org"/>
      <code value="{tablet}"/>
    </doseQuantity>
    
    <text value="1 tab daily with meal"/>
  </dosageInstruction>
  <dispense>
     <numberOfRepeatsAllowed value="1"/>
     <quantity>
        <value value="30"/>
        <units value="{tablet}"/>
        <system value="http://unitsofmeasure.org"/>
        <code value="{tablet}"/>
     </quantity>
     <expectedSupplyDuration>
        <value value="30"/>
        <units value="days"/>
        <system value="http://unitsofmeasure.org"/>
        <code value="d"/>
     </expectedSupplyDuration>
  </dispense>
  
</MedicationPrescription>

  </content>
</entry>
<entry xmlns="http://www.w3.org/2005/Atom">
  <title>SMART Patient-level resource</title>
  <id>MedicationPrescription/319</id>
  <updated>2015-07-07T20:00:53.950000</updated>
  <published>2015-07-07T20:00:53.950000</published>
  <author>
    <name>https://github.com/smart-on-fhir/sample-patients</name>
  </author>
  <content type="text/xml">
    
<MedicationPrescription xmlns="http://hl7.org/fhir">
  <text>
    <status value="generated"/>
    <div xmlns="http://www.w3.org/1999/xhtml">
      Metformin XR Tablet 1000mg (rxnorm: 860996)
    </div>
  </text>

  <contained>
    <Medication id="med">
      <name value="Metformin XR Tablet 1000mg"/>
      <code>
	<coding>
	<system value="http://www.nlm.nih.gov/research/umls/rxnorm"/>
	  <code value="860996"/>
	  <display value="Metformin XR Tablet 1000mg"/>
	</coding>
      </code>
    </Medication>
  </contained>

  <status value="completed" />
  <patient>
    <reference value="Patient/5555002"/>
  </patient>

  <medication>
    <reference value="#med"/>
  </medication>

  <dosageInstruction>
    <timingSchedule>
      <event>
        <start value="2014-05-16"/>
        <end value="2014-08-04"/>
        
      </event>
      <repeat>
        <frequency value="1"/>
        <duration value="1"/>
        <units value="d"/>
      </repeat>
      
    </timingSchedule>
    <doseQuantity>
      <value value="1"/>
      <units value="{tablet}"/>
      <system value="http://unitsofmeasure.org"/>
      <code value="{tablet}"/>
    </doseQuantity>
    
    <text value="1 tab daily with meal"/>
  </dosageInstruction>
  <dispense>
     <numberOfRepeatsAllowed value="1"/>
     <quantity>
        <value value="30"/>
        <units value="{tablet}"/>
        <system value="http://unitsofmeasure.org"/>
        <code value="{tablet}"/>
     </quantity>
     <expectedSupplyDuration>
        <value value="30"/>
        <units value="days"/>
        <system value="http://unitsofmeasure.org"/>
        <code value="d"/>
     </expectedSupplyDuration>
  </dispense>
  
</MedicationPrescription>

  </content>
</entry>
<entry xmlns="http://www.w3.org/2005/Atom">
  <title>SMART Patient-level resource</title>
  <id>MedicationPrescription/320</id>
  <updated>2015-07-07T20:00:53.950000</updated>
  <published>2015-07-07T20:00:53.950000</published>
  <author>
    <name>https://github.com/smart-on-fhir/sample-patients</name>
  </author>
  <content type="text/xml">
    
<MedicationPrescription xmlns="http://hl7.org/fhir">
  <text>
    <status value="generated"/>
    <div xmlns="http://www.w3.org/1999/xhtml">
      Metformin XR Tablet 500mg (rxnorm: 860975)
    </div>
  </text>

  <contained>
    <Medication id="med">
      <name value="Metformin XR Tablet 500mg"/>
      <code>
	<coding>
	<system value="http://www.nlm.nih.gov/research/umls/rxnorm"/>
	  <code value="860975"/>
	  <display value="Metformin XR Tablet 500mg"/>
	</coding>
      </code>
    </Medication>
  </contained>

  <status value="completed" />
  <patient>
    <reference value="Patient/5555002"/>
  </patient>

  <medication>
    <reference value="#med"/>
  </medication>

  <dosageInstruction>
    <timingSchedule>
      <event>
        <start value="2014-02-15"/>
        <end value="2014-05-12"/>
        
      </event>
      <repeat>
        <frequency value="1"/>
        <duration value="1"/>
        <units value="d"/>
      </repeat>
      
    </timingSchedule>
    <doseQuantity>
      <value value="1"/>
      <units value="{tablet}"/>
      <system value="http://unitsofmeasure.org"/>
      <code value="{tablet}"/>
    </doseQuantity>
    
    <text value="1 tab daily with meal"/>
  </dosageInstruction>
  <dispense>
     <numberOfRepeatsAllowed value="1"/>
     <quantity>
        <value value="30"/>
        <units value="{tablet}"/>
        <system value="http://unitsofmeasure.org"/>
        <code value="{tablet}"/>
     </quantity>
     <expectedSupplyDuration>
        <value value="30"/>
        <units value="days"/>
        <system value="http://unitsofmeasure.org"/>
        <code value="d"/>
     </expectedSupplyDuration>
  </dispense>
  
</MedicationPrescription>

  </content>
</entry>
<entry xmlns="http://www.w3.org/2005/Atom">
  <title>SMART Patient-level resource</title>
  <id>MedicationPrescription/321</id>
  <updated>2015-07-07T20:00:53.950000</updated>
  <published>2015-07-07T20:00:53.950000</published>
  <author>
    <name>https://github.com/smart-on-fhir/sample-patients</name>
  </author>
  <content type="text/xml">
    
<MedicationPrescription xmlns="http://hl7.org/fhir">
  <text>
    <status value="generated"/>
    <div xmlns="http://www.w3.org/1999/xhtml">
      Bydureon 2mg per 0.65 ml prefilled pen (rxnorm: 1544918)
    </div>
  </text>

  <contained>
    <Medication id="med">
      <name value="Bydureon 2mg per 0.65 ml prefilled pen"/>
      <code>
	<coding>
	<system value="http://www.nlm.nih.gov/research/umls/rxnorm"/>
	  <code value="1544918"/>
	  <display value="Bydureon 2mg per 0.65 ml prefilled pen"/>
	</coding>
      </code>
    </Medication>
  </contained>

  <status value="active" />
  <patient>
    <reference value="Patient/5555002"/>
  </patient>

  <medication>
    <reference value="#med"/>
  </medication>

  <dosageInstruction>
    <timingSchedule>
      <event>
        <start value="2014-11-15"/>
      </event>
      <repeat>
        <frequency value="1"/>
        <duration value="1"/>
        <units value="wk"/>
      </repeat>
      
    </timingSchedule>
    <doseQuantity>
      <value value="1"/>
      <units value="inj"/>
      <system value="http://unitsofmeasure.org"/>
      <code value="inj"/>
    </doseQuantity>
    
    <text value="1 injection SQ weekly"/>
  </dosageInstruction>
  <dispense>
     <numberOfRepeatsAllowed value="1"/>
     <quantity>
        <value value="12"/>
        <units value="inj"/>
        <system value="http://unitsofmeasure.org"/>
        <code value="inj"/>
     </quantity>
     <expectedSupplyDuration>
        <value value="84"/>
        <units value="days"/>
        <system value="http://unitsofmeasure.org"/>
        <code value="d"/>
     </expectedSupplyDuration>
  </dispense>
  
</MedicationPrescription>

  </content>
</entry>
<entry xmlns="http://www.w3.org/2005/Atom">
  <title>SMART Patient-level resource</title>
  <id>MedicationPrescription/322</id>
  <updated>2015-07-07T20:00:53.950000</updated>
  <published>2015-07-07T20:00:53.950000</published>
  <author>
    <name>https://github.com/smart-on-fhir/sample-patients</name>
  </author>
  <content type="text/xml">
    
<MedicationPrescription xmlns="http://hl7.org/fhir">
  <text>
    <status value="generated"/>
    <div xmlns="http://www.w3.org/1999/xhtml">
      Verapamil SR Tablet 240mg (rxnorm: 897646)
    </div>
  </text>

  <contained>
    <Medication id="med">
      <name value="Verapamil SR Tablet 240mg"/>
      <code>
	<coding>
	<system value="http://www.nlm.nih.gov/research/umls/rxnorm"/>
	  <code value="897646"/>
	  <display value="Verapamil SR Tablet 240mg"/>
	</coding>
      </code>
    </Medication>
  </contained>

  <status value="active" />
  <patient>
    <reference value="Patient/5555002"/>
  </patient>

  <medication>
    <reference value="#med"/>
  </medication>

  <dosageInstruction>
    <timingSchedule>
      <event>
        <start value="2013-02-01"/>
      </event>
      <repeat>
        <frequency value="1"/>
        <duration value="1"/>
        <units value="d"/>
      </repeat>
      
    </timingSchedule>
    <doseQuantity>
      <value value="1"/>
      <units value="{tablet}"/>
      <system value="http://unitsofmeasure.org"/>
      <code value="{tablet}"/>
    </doseQuantity>
    
    <text value="1 tab qd"/>
  </dosageInstruction>
  <dispense>
     <numberOfRepeatsAllowed value="1"/>
     <quantity>
        <value value="30"/>
        <units value="{tablet}"/>
        <system value="http://unitsofmeasure.org"/>
        <code value="{tablet}"/>
     </quantity>
     <expectedSupplyDuration>
        <value value="30"/>
        <units value="days"/>
        <system value="http://unitsofmeasure.org"/>
        <code value="d"/>
     </expectedSupplyDuration>
  </dispense>
  
</MedicationPrescription>

  </content>
</entry>
<entry xmlns="http://www.w3.org/2005/Atom">
  <title>SMART Patient-level resource</title>
  <id>MedicationPrescription/323</id>
  <updated>2015-07-07T20:00:53.950000</updated>
  <published>2015-07-07T20:00:53.950000</published>
  <author>
    <name>https://github.com/smart-on-fhir/sample-patients</name>
  </author>
  <content type="text/xml">
    
<MedicationPrescription xmlns="http://hl7.org/fhir">
  <text>
    <status value="generated"/>
    <div xmlns="http://www.w3.org/1999/xhtml">
      Bystolic Tablet 10mg (rxnorm: 751616)
    </div>
  </text>

  <contained>
    <Medication id="med">
      <name value="Bystolic Tablet 10mg"/>
      <code>
	<coding>
	<system value="http://www.nlm.nih.gov/research/umls/rxnorm"/>
	  <code value="751616"/>
	  <display value="Bystolic Tablet 10mg"/>
	</coding>
      </code>
    </Medication>
  </contained>

  <status value="active" />
  <patient>
    <reference value="Patient/5555002"/>
  </patient>

  <medication>
    <reference value="#med"/>
  </medication>

  <dosageInstruction>
    <timingSchedule>
      <event>
        <start value="2013-02-02"/>
      </event>
      <repeat>
        <frequency value="1"/>
        <duration value="1"/>
        <units value="d"/>
      </repeat>
      
    </timingSchedule>
    <doseQuantity>
      <value value="1"/>
      <units value="{tablet}"/>
      <system value="http://unitsofmeasure.org"/>
      <code value="{tablet}"/>
    </doseQuantity>
    
    <text value="1 tab qd"/>
  </dosageInstruction>
  <dispense>
     <numberOfRepeatsAllowed value="1"/>
     <quantity>
        <value value="30"/>
        <units value="{tablet}"/>
        <system value="http://unitsofmeasure.org"/>
        <code value="{tablet}"/>
     </quantity>
     <expectedSupplyDuration>
        <value value="30"/>
        <units value="days"/>
        <system value="http://unitsofmeasure.org"/>
        <code value="d"/>
     </expectedSupplyDuration>
  </dispense>
  
</MedicationPrescription>

  </content>
</entry>
<entry xmlns="http://www.w3.org/2005/Atom">
  <title>SMART Patient-level resource</title>
  <id>MedicationPrescription/324</id>
  <updated>2015-07-07T20:00:53.950000</updated>
  <published>2015-07-07T20:00:53.950000</published>
  <author>
    <name>https://github.com/smart-on-fhir/sample-patients</name>
  </author>
  <content type="text/xml">
    
<MedicationPrescription xmlns="http://hl7.org/fhir">
  <text>
    <status value="generated"/>
    <div xmlns="http://www.w3.org/1999/xhtml">
      Ramipril Tablet 10mg (rxnorm: 401968)
    </div>
  </text>

  <contained>
    <Medication id="med">
      <name value="Ramipril Tablet 10mg"/>
      <code>
	<coding>
	<system value="http://www.nlm.nih.gov/research/umls/rxnorm"/>
	  <code value="401968"/>
	  <display value="Ramipril Tablet 10mg"/>
	</coding>
      </code>
    </Medication>
  </contained>

  <status value="active" />
  <patient>
    <reference value="Patient/5555002"/>
  </patient>

  <medication>
    <reference value="#med"/>
  </medication>

  <dosageInstruction>
    <timingSchedule>
      <event>
        <start value="2013-02-03"/>
      </event>
      <repeat>
        <frequency value="1"/>
        <duration value="1"/>
        <units value="d"/>
      </repeat>
      
    </timingSchedule>
    <doseQuantity>
      <value value="1"/>
      <units value="{tablet}"/>
      <system value="http://unitsofmeasure.org"/>
      <code value="{tablet}"/>
    </doseQuantity>
    
    <text value="1 tab qd"/>
  </dosageInstruction>
  <dispense>
     <numberOfRepeatsAllowed value="1"/>
     <quantity>
        <value value="30"/>
        <units value="{tablet}"/>
        <system value="http://unitsofmeasure.org"/>
        <code value="{tablet}"/>
     </quantity>
     <expectedSupplyDuration>
        <value value="30"/>
        <units value="days"/>
        <system value="http://unitsofmeasure.org"/>
        <code value="d"/>
     </expectedSupplyDuration>
  </dispense>
  
</MedicationPrescription>

  </content>
</entry>
<entry xmlns="http://www.w3.org/2005/Atom">
  <title>SMART Patient-level resource</title>
  <id>MedicationPrescription/325</id>
  <updated>2015-07-07T20:00:53.950000</updated>
  <published>2015-07-07T20:00:53.950000</published>
  <author>
    <name>https://github.com/smart-on-fhir/sample-patients</name>
  </author>
  <content type="text/xml">
    
<MedicationPrescription xmlns="http://hl7.org/fhir">
  <text>
    <status value="generated"/>
    <div xmlns="http://www.w3.org/1999/xhtml">
      Nasonex Nasal Inhaler (rxnorm: 746201)
    </div>
  </text>

  <contained>
    <Medication id="med">
      <name value="Nasonex Nasal Inhaler"/>
      <code>
	<coding>
	<system value="http://www.nlm.nih.gov/research/umls/rxnorm"/>
	  <code value="746201"/>
	  <display value="Nasonex Nasal Inhaler"/>
	</coding>
      </code>
    </Medication>
  </contained>

  <status value="active" />
  <patient>
    <reference value="Patient/5555002"/>
  </patient>

  <medication>
    <reference value="#med"/>
  </medication>

  <dosageInstruction>
    <timingSchedule>
      <event>
        <start value="2013-02-04"/>
      </event>
      <repeat>
        <frequency value="1"/>
        <duration value="1"/>
        <units value="d"/>
      </repeat>
      
    </timingSchedule>
    <doseQuantity>
      <value value="1"/>
      <units value="{puff}"/>
      <system value="http://unitsofmeasure.org"/>
      <code value="{puff}"/>
    </doseQuantity>
    
    <text value="1 puffs per nostril qd"/>
  </dosageInstruction>
  <dispense>
     <numberOfRepeatsAllowed value="1"/>
     <quantity>
        <value value="1"/>
        <units value="{puff}"/>
        <system value="http://unitsofmeasure.org"/>
        <code value="{puff}"/>
     </quantity>
     <expectedSupplyDuration>
        <value value="30"/>
        <units value="days"/>
        <system value="http://unitsofmeasure.org"/>
        <code value="d"/>
     </expectedSupplyDuration>
  </dispense>
  
</MedicationPrescription>

  </content>
</entry>
<entry xmlns="http://www.w3.org/2005/Atom">
  <title>SMART Patient-level resource</title>
  <id>MedicationPrescription/326</id>
  <updated>2015-07-07T20:00:53.950000</updated>
  <published>2015-07-07T20:00:53.950000</published>
  <author>
    <name>https://github.com/smart-on-fhir/sample-patients</name>
  </author>
  <content type="text/xml">
    
<MedicationPrescription xmlns="http://hl7.org/fhir">
  <text>
    <status value="generated"/>
    <div xmlns="http://www.w3.org/1999/xhtml">
      Xyzal Tablet 5mg (rxnorm: 855174)
    </div>
  </text>

  <contained>
    <Medication id="med">
      <name value="Xyzal Tablet 5mg"/>
      <code>
	<coding>
	<system value="http://www.nlm.nih.gov/research/umls/rxnorm"/>
	  <code value="855174"/>
	  <display value="Xyzal Tablet 5mg"/>
	</coding>
      </code>
    </Medication>
  </contained>

  <status value="active" />
  <patient>
    <reference value="Patient/5555002"/>
  </patient>

  <medication>
    <reference value="#med"/>
  </medication>

  <dosageInstruction>
    <timingSchedule>
      <event>
        <start value="2013-02-05"/>
      </event>
      <repeat>
        <frequency value="1"/>
        <duration value="1"/>
        <units value="d"/>
      </repeat>
      
    </timingSchedule>
    <doseQuantity>
      <value value="1"/>
      <units value="{tablet}"/>
      <system value="http://unitsofmeasure.org"/>
      <code value="{tablet}"/>
    </doseQuantity>
    
    <text value="1 tab qd"/>
  </dosageInstruction>
  <dispense>
     <numberOfRepeatsAllowed value="1"/>
     <quantity>
        <value value="30"/>
        <units value="{tablet}"/>
        <system value="http://unitsofmeasure.org"/>
        <code value="{tablet}"/>
     </quantity>
     <expectedSupplyDuration>
        <value value="30"/>
        <units value="days"/>
        <system value="http://unitsofmeasure.org"/>
        <code value="d"/>
     </expectedSupplyDuration>
  </dispense>
  
</MedicationPrescription>

  </content>
</entry>
<entry xmlns="http://www.w3.org/2005/Atom">
  <title>SMART Patient-level resource</title>
  <id>MedicationPrescription/327</id>
  <updated>2015-07-07T20:00:53.950000</updated>
  <published>2015-07-07T20:00:53.950000</published>
  <author>
    <name>https://github.com/smart-on-fhir/sample-patients</name>
  </author>
  <content type="text/xml">
    
<MedicationPrescription xmlns="http://hl7.org/fhir">
  <text>
    <status value="generated"/>
    <div xmlns="http://www.w3.org/1999/xhtml">
      Alvesco Metered Dose Inhaler 80mcg/puff (rxnorm: 799040)
    </div>
  </text>

  <contained>
    <Medication id="med">
      <name value="Alvesco Metered Dose Inhaler 80mcg/puff"/>
      <code>
	<coding>
	<system value="http://www.nlm.nih.gov/research/umls/rxnorm"/>
	  <code value="799040"/>
	  <display value="Alvesco Metered Dose Inhaler 80mcg/puff"/>
	</coding>
      </code>
    </Medication>
  </contained>

  <status value="active" />
  <patient>
    <reference value="Patient/5555002"/>
  </patient>

  <medication>
    <reference value="#med"/>
  </medication>

  <dosageInstruction>
    <timingSchedule>
      <event>
        <start value="2014-10-15"/>
      </event>
      <repeat>
        <frequency value="2"/>
        <duration value="1"/>
        <units value="d"/>
      </repeat>
      
    </timingSchedule>
    <doseQuantity>
      <value value="1"/>
      <units value="{puff}"/>
      <system value="http://unitsofmeasure.org"/>
      <code value="{puff}"/>
    </doseQuantity>
    
    <text value="1 puff bid"/>
  </dosageInstruction>
  <dispense>
     <numberOfRepeatsAllowed value="1"/>
     <quantity>
        <value value="1"/>
        <units value="{puff}"/>
        <system value="http://unitsofmeasure.org"/>
        <code value="{puff}"/>
     </quantity>
     <expectedSupplyDuration>
        <value value="30"/>
        <units value="days"/>
        <system value="http://unitsofmeasure.org"/>
        <code value="d"/>
     </expectedSupplyDuration>
  </dispense>
  
</MedicationPrescription>

  </content>
</entry>
<entry xmlns="http://www.w3.org/2005/Atom">
  <title>SMART Patient-level resource</title>
  <id>MedicationPrescription/328</id>
  <updated>2015-07-07T20:00:53.950000</updated>
  <published>2015-07-07T20:00:53.950000</published>
  <author>
    <name>https://github.com/smart-on-fhir/sample-patients</name>
  </author>
  <content type="text/xml">
    
<MedicationPrescription xmlns="http://hl7.org/fhir">
  <text>
    <status value="generated"/>
    <div xmlns="http://www.w3.org/1999/xhtml">
      Ventolin HFA (200 actuations) (rxnorm: 859088)
    </div>
  </text>

  <contained>
    <Medication id="med">
      <name value="Ventolin HFA (200 actuations)"/>
      <code>
	<coding>
	<system value="http://www.nlm.nih.gov/research/umls/rxnorm"/>
	  <code value="859088"/>
	  <display value="Ventolin HFA (200 actuations)"/>
	</coding>
      </code>
    </Medication>
  </contained>

  <status value="active" />
  <patient>
    <reference value="Patient/5555002"/>
  </patient>

  <medication>
    <reference value="#med"/>
  </medication>

  <dosageInstruction>
    <timingSchedule>
      <event>
        <start value="2012-11-04"/>
      </event>
    </timingSchedule>
    <asNeededBoolean value="true"/>
    
    <text value="2 puffs q4-6 hrs prn asthma"/>
  </dosageInstruction>
  <dispense>
     <numberOfRepeatsAllowed value="1"/>
     <quantity>
        <value value="1"/>
        <units value=""/>
        <system value="http://unitsofmeasure.org"/>
        <code value=""/>
     </quantity>
     <expectedSupplyDuration>
        <value value="30"/>
        <units value="days"/>
        <system value="http://unitsofmeasure.org"/>
        <code value="d"/>
     </expectedSupplyDuration>
  </dispense>
  
</MedicationPrescription>

  </content>
</entry>
<entry xmlns="http://www.w3.org/2005/Atom">
  <title>SMART Patient-level resource</title>
  <id>MedicationPrescription/329</id>
  <updated>2015-07-07T20:00:53.950000</updated>
  <published>2015-07-07T20:00:53.950000</published>
  <author>
    <name>https://github.com/smart-on-fhir/sample-patients</name>
  </author>
  <content type="text/xml">
    
<MedicationPrescription xmlns="http://hl7.org/fhir">
  <text>
    <status value="generated"/>
    <div xmlns="http://www.w3.org/1999/xhtml">
      Vitamin D3 Capsule 4000 iu (rxnorm: 1092380)
    </div>
  </text>

  <contained>
    <Medication id="med">
      <name value="Vitamin D3 Capsule 4000 iu"/>
      <code>
	<coding>
	<system value="http://www.nlm.nih.gov/research/umls/rxnorm"/>
	  <code value="1092380"/>
	  <display value="Vitamin D3 Capsule 4000 iu"/>
	</coding>
      </code>
    </Medication>
  </contained>

  <status value="active" />
  <patient>
    <reference value="Patient/5555002"/>
  </patient>

  <medication>
    <reference value="#med"/>
  </medication>

  <dosageInstruction>
    <timingSchedule>
      <event>
        <start value="2014-08-04"/>
      </event>
      <repeat>
        <frequency value="1"/>
        <duration value="1"/>
        <units value="d"/>
      </repeat>
      
    </timingSchedule>
    <doseQuantity>
      <value value="1"/>
      <units value="{tablet}"/>
      <system value="http://unitsofmeasure.org"/>
      <code value="{tablet}"/>
    </doseQuantity>
    
    <text value="1 cap daily"/>
  </dosageInstruction>
  <dispense>
     <numberOfRepeatsAllowed value="1"/>
     <quantity>
        <value value="30"/>
        <units value="{tablet}"/>
        <system value="http://unitsofmeasure.org"/>
        <code value="{tablet}"/>
     </quantity>
     <expectedSupplyDuration>
        <value value="30"/>
        <units value="days"/>
        <system value="http://unitsofmeasure.org"/>
        <code value="d"/>
     </expectedSupplyDuration>
  </dispense>
  
</MedicationPrescription>

  </content>
</entry>
<entry xmlns="http://www.w3.org/2005/Atom">
  <title>SMART Patient-level resource</title>
  <id>MedicationPrescription/330</id>
  <updated>2015-07-07T20:00:53.950000</updated>
  <published>2015-07-07T20:00:53.950000</published>
  <author>
    <name>https://github.com/smart-on-fhir/sample-patients</name>
  </author>
  <content type="text/xml">
    
<MedicationPrescription xmlns="http://hl7.org/fhir">
  <text>
    <status value="generated"/>
    <div xmlns="http://www.w3.org/1999/xhtml">
      Ergocalciferol Capsule 50,000 iu (rxnorm: 1367410)
    </div>
  </text>

  <contained>
    <Medication id="med">
      <name value="Ergocalciferol Capsule 50,000 iu"/>
      <code>
	<coding>
	<system value="http://www.nlm.nih.gov/research/umls/rxnorm"/>
	  <code value="1367410"/>
	  <display value="Ergocalciferol Capsule 50,000 iu"/>
	</coding>
      </code>
    </Medication>
  </contained>

  <status value="completed" />
  <patient>
    <reference value="Patient/5555002"/>
  </patient>

  <medication>
    <reference value="#med"/>
  </medication>

  <dosageInstruction>
    <timingSchedule>
      <event>
        <start value="2014-02-06"/>
        <end value="2014-08-04"/>
        
      </event>
      <repeat>
        <frequency value="1"/>
        <duration value="1"/>
        <units value="wk"/>
      </repeat>
      
    </timingSchedule>
    <doseQuantity>
      <value value="1"/>
      <units value="{tablet}"/>
      <system value="http://unitsofmeasure.org"/>
      <code value="{tablet}"/>
    </doseQuantity>
    
    <text value="1 cap once a week"/>
  </dosageInstruction>
  <dispense>
     <numberOfRepeatsAllowed value="1"/>
     <quantity>
        <value value="12"/>
        <units value="{tablet}"/>
        <system value="http://unitsofmeasure.org"/>
        <code value="{tablet}"/>
     </quantity>
     <expectedSupplyDuration>
        <value value="84"/>
        <units value="days"/>
        <system value="http://unitsofmeasure.org"/>
        <code value="d"/>
     </expectedSupplyDuration>
  </dispense>
  
</MedicationPrescription>

  </content>
</entry>
<entry xmlns="http://www.w3.org/2005/Atom">
  <title>SMART Patient-level resource</title>
  <id>MedicationPrescription/331</id>
  <updated>2015-07-07T20:00:53.950000</updated>
  <published>2015-07-07T20:00:53.950000</published>
  <author>
    <name>https://github.com/smart-on-fhir/sample-patients</name>
  </author>
  <content type="text/xml">
    
<MedicationPrescription xmlns="http://hl7.org/fhir">
  <text>
    <status value="generated"/>
    <div xmlns="http://www.w3.org/1999/xhtml">
      Calcium Acetate 500mg (rxnorm: 411110)
    </div>
  </text>

  <contained>
    <Medication id="med">
      <name value="Calcium Acetate 500mg"/>
      <code>
	<coding>
	<system value="http://www.nlm.nih.gov/research/umls/rxnorm"/>
	  <code value="411110"/>
	  <display value="Calcium Acetate 500mg"/>
	</coding>
      </code>
    </Medication>
  </contained>

  <status value="active" />
  <patient>
    <reference value="Patient/5555002"/>
  </patient>

  <medication>
    <reference value="#med"/>
  </medication>

  <dosageInstruction>
    <timingSchedule>
      <event>
        <start value="2012-09-12"/>
      </event>
      <repeat>
        <frequency value="2"/>
        <duration value="1"/>
        <units value="d"/>
      </repeat>
      
    </timingSchedule>
    <doseQuantity>
      <value value="1"/>
      <units value="{tablet}"/>
      <system value="http://unitsofmeasure.org"/>
      <code value="{tablet}"/>
    </doseQuantity>
    
    <text value="1 cap bid"/>
  </dosageInstruction>
  <dispense>
     <numberOfRepeatsAllowed value="1"/>
     <quantity>
        <value value="60"/>
        <units value="{tablet}"/>
        <system value="http://unitsofmeasure.org"/>
        <code value="{tablet}"/>
     </quantity>
     <expectedSupplyDuration>
        <value value="30"/>
        <units value="days"/>
        <system value="http://unitsofmeasure.org"/>
        <code value="d"/>
     </expectedSupplyDuration>
  </dispense>
  
</MedicationPrescription>

  </content>
</entry>
<entry xmlns="http://www.w3.org/2005/Atom">
  <title>SMART Patient-level resource</title>
  <id>MedicationPrescription/332</id>
  <updated>2015-07-07T20:00:53.950000</updated>
  <published>2015-07-07T20:00:53.950000</published>
  <author>
    <name>https://github.com/smart-on-fhir/sample-patients</name>
  </author>
  <content type="text/xml">
    
<MedicationPrescription xmlns="http://hl7.org/fhir">
  <text>
    <status value="generated"/>
    <div xmlns="http://www.w3.org/1999/xhtml">
      Ibuprofen Capsule 800mg (rxnorm: 197807)
    </div>
  </text>

  <contained>
    <Medication id="med">
      <name value="Ibuprofen Capsule 800mg"/>
      <code>
	<coding>
	<system value="http://www.nlm.nih.gov/research/umls/rxnorm"/>
	  <code value="197807"/>
	  <display value="Ibuprofen Capsule 800mg"/>
	</coding>
      </code>
    </Medication>
  </contained>

  <status value="active" />
  <patient>
    <reference value="Patient/5555002"/>
  </patient>

  <medication>
    <reference value="#med"/>
  </medication>

  <dosageInstruction>
    <timingSchedule>
      <event>
        <start value="2014-12-07"/>
      </event>
      <repeat>
        <frequency value="3"/>
        <duration value="1"/>
        <units value="d"/>
      </repeat>
      
    </timingSchedule>
    <doseQuantity>
      <value value="1"/>
      <units value="{tablet}"/>
      <system value="http://unitsofmeasure.org"/>
      <code value="{tablet}"/>
    </doseQuantity>
    
    <asNeededBoolean value="true"/>
    
    <text value="1 tab tid prn pain"/>
  </dosageInstruction>
  <dispense>
     <numberOfRepeatsAllowed value="1"/>
     <quantity>
        <value value="90"/>
        <units value="{tablet}"/>
        <system value="http://unitsofmeasure.org"/>
        <code value="{tablet}"/>
     </quantity>
     <expectedSupplyDuration>
        <value value="30"/>
        <units value="days"/>
        <system value="http://unitsofmeasure.org"/>
        <code value="d"/>
     </expectedSupplyDuration>
  </dispense>
  
</MedicationPrescription>

  </content>
</entry>
<entry xmlns="http://www.w3.org/2005/Atom">
  <title>SMART Patient-level resource</title>
  <id>MedicationPrescription/333</id>
  <updated>2015-07-07T20:00:53.950000</updated>
  <published>2015-07-07T20:00:53.950000</published>
  <author>
    <name>https://github.com/smart-on-fhir/sample-patients</name>
  </author>
  <content type="text/xml">
    
<MedicationPrescription xmlns="http://hl7.org/fhir">
  <text>
    <status value="generated"/>
    <div xmlns="http://www.w3.org/1999/xhtml">
      Cyclobenzaprine Tablet 10mg (rxnorm: 828348)
    </div>
  </text>

  <contained>
    <Medication id="med">
      <name value="Cyclobenzaprine Tablet 10mg"/>
      <code>
	<coding>
	<system value="http://www.nlm.nih.gov/research/umls/rxnorm"/>
	  <code value="828348"/>
	  <display value="Cyclobenzaprine Tablet 10mg"/>
	</coding>
      </code>
    </Medication>
  </contained>

  <status value="active" />
  <patient>
    <reference value="Patient/5555002"/>
  </patient>

  <medication>
    <reference value="#med"/>
  </medication>

  <dosageInstruction>
    <timingSchedule>
      <event>
        <start value="2014-12-07"/>
      </event>
      <repeat>
        <frequency value="1"/>
        <duration value="1"/>
        <units value="d"/>
      </repeat>
      
    </timingSchedule>
    <doseQuantity>
      <value value="1"/>
      <units value="{tablet}"/>
      <system value="http://unitsofmeasure.org"/>
      <code value="{tablet}"/>
    </doseQuantity>
    
    <asNeededBoolean value="true"/>
    
    <text value="1 tab qhs prn muscle spasm"/>
  </dosageInstruction>
  <dispense>
     <numberOfRepeatsAllowed value="1"/>
     <quantity>
        <value value="30"/>
        <units value="{tablet}"/>
        <system value="http://unitsofmeasure.org"/>
        <code value="{tablet}"/>
     </quantity>
     <expectedSupplyDuration>
        <value value="30"/>
        <units value="days"/>
        <system value="http://unitsofmeasure.org"/>
        <code value="d"/>
     </expectedSupplyDuration>
  </dispense>
  
</MedicationPrescription>

  </content>
</entry>
<entry xmlns="http://www.w3.org/2005/Atom">
  <title>SMART Patient-level resource</title>
  <id>MedicationPrescription/334</id>
  <updated>2015-07-07T20:00:53.950000</updated>
  <published>2015-07-07T20:00:53.950000</published>
  <author>
    <name>https://github.com/smart-on-fhir/sample-patients</name>
  </author>
  <content type="text/xml">
    
<MedicationPrescription xmlns="http://hl7.org/fhir">
  <text>
    <status value="generated"/>
    <div xmlns="http://www.w3.org/1999/xhtml">
      Zolpidem Tablet 10mg (rxnorm: 854873)
    </div>
  </text>

  <contained>
    <Medication id="med">
      <name value="Zolpidem Tablet 10mg"/>
      <code>
	<coding>
	<system value="http://www.nlm.nih.gov/research/umls/rxnorm"/>
	  <code value="854873"/>
	  <display value="Zolpidem Tablet 10mg"/>
	</coding>
      </code>
    </Medication>
  </contained>

  <status value="active" />
  <patient>
    <reference value="Patient/5555002"/>
  </patient>

  <medication>
    <reference value="#med"/>
  </medication>

  <dosageInstruction>
    <timingSchedule>
      <event>
        <start value="2014-08-29"/>
      </event>
      <repeat>
        <frequency value="1"/>
        <duration value="1"/>
        <units value="d"/>
      </repeat>
      
    </timingSchedule>
    <doseQuantity>
      <value value="1"/>
      <units value="{tablet}"/>
      <system value="http://unitsofmeasure.org"/>
      <code value="{tablet}"/>
    </doseQuantity>
    
    <asNeededBoolean value="true"/>
    
    <text value="1 tab qhs prn sleep"/>
  </dosageInstruction>
  <dispense>
     <numberOfRepeatsAllowed value="1"/>
     <quantity>
        <value value="30"/>
        <units value="{tablet}"/>
        <system value="http://unitsofmeasure.org"/>
        <code value="{tablet}"/>
     </quantity>
     <expectedSupplyDuration>
        <value value="30"/>
        <units value="days"/>
        <system value="http://unitsofmeasure.org"/>
        <code value="d"/>
     </expectedSupplyDuration>
  </dispense>
  
</MedicationPrescription>

  </content>
</entry>

</feed>
