<?xml version="1.0" encoding="UTF-8"?>
<feed xmlns="http://www.w3.org/2005/Atom">
  <title>SMART patient bundle for transactional posting</title>
  <id>urn:uuid:46</id>
  <updated>2015-07-07T20:00:54.452000</updated>

  <entry xmlns="http://www.w3.org/2005/Atom">
  <title>SMART Patient-level resource</title>
  <id>Patient/6666001</id>
  <updated>2015-07-07T20:00:54.452000</updated>
  <published>2015-07-07T20:00:54.452000</published>
  <author>
    <name>https://github.com/smart-on-fhir/sample-patients</name>
  </author>
  <content type="text/xml">
    
  <Patient xmlns="http://hl7.org/fhir">
    <text>
      <status value="generated"/>
      <div xmlns="http://www.w3.org/1999/xhtml">
        <p>Sophia Reynolds</p>
      </div>
    </text>
    <identifier>
      <use value="usual"/>
      <label value="SMART Hospital MRN"/>
      <system value="urn:oid:0.1.2.3.4.5.6.7"/>
      <value value="6666001"/>
    </identifier>
    <name>
      <use value="official"/>
      <family value="Reynolds"/>
      <given value="Sophia"/>
    </name>
    <telecom>
      <system value="email"/>
      <value value="demoally@hspc.com"/>
    </telecom>
    <gender>
      <coding>
        <system value="http://hl7.org/fhir/v3/AdministrativeGender"/>
        <code value="F"/>
        <display value="Female"/>
      </coding>
    </gender>
    <birthDate value="2010-12-16" />
    <active value="true"/>
  </Patient>
  
  </content>
</entry>
<entry xmlns="http://www.w3.org/2005/Atom">
  <title>SMART Patient-level resource</title>
  <id>MedicationPrescription/353</id>
  <updated>2015-07-07T20:00:54.452000</updated>
  <published>2015-07-07T20:00:54.452000</published>
  <author>
    <name>https://github.com/smart-on-fhir/sample-patients</name>
  </author>
  <content type="text/xml">
    
<MedicationPrescription xmlns="http://hl7.org/fhir">
  <text>
    <status value="generated"/>
    <div xmlns="http://www.w3.org/1999/xhtml">
      Albuterol 0.09 MG/ACTUAT [Proventil] (rxnorm: 573621)
    </div>
  </text>

  <contained>
    <Medication id="med">
      <name value="Albuterol 0.09 MG/ACTUAT [Proventil]"/>
      <code>
	<coding>
	<system value="http://www.nlm.nih.gov/research/umls/rxnorm"/>
	  <code value="573621"/>
	  <display value="Albuterol 0.09 MG/ACTUAT [Proventil]"/>
	</coding>
      </code>
    </Medication>
  </contained>

  <status value="active" />
  <patient>
    <reference value="Patient/6666001"/>
  </patient>

  <medication>
    <reference value="#med"/>
  </medication>

  <dosageInstruction>
    <timingSchedule>
      <event>
        <start value="2015-01-01"/>
      </event>
    </timingSchedule>
    <asNeededBoolean value="true"/>
    
    <text value="prn"/>
  </dosageInstruction>
</MedicationPrescription>

  </content>
</entry>
<entry xmlns="http://www.w3.org/2005/Atom">
  <title>SMART Patient-level resource</title>
  <id>MedicationPrescription/354</id>
  <updated>2015-07-07T20:00:54.452000</updated>
  <published>2015-07-07T20:00:54.452000</published>
  <author>
    <name>https://github.com/smart-on-fhir/sample-patients</name>
  </author>
  <content type="text/xml">
    
<MedicationPrescription xmlns="http://hl7.org/fhir">
  <text>
    <status value="generated"/>
    <div xmlns="http://www.w3.org/1999/xhtml">
      60 ACTUAT Fluticasone propionate 0.045 MG/ACTUAT / salmeterol 0.021 MG/ACTUAT Metered Dose Inhaler [Advair] (rxnorm: 896235)
    </div>
  </text>

  <contained>
    <Medication id="med">
      <name value="60 ACTUAT Fluticasone propionate 0.045 MG/ACTUAT / salmeterol 0.021 MG/ACTUAT Metered Dose Inhaler [Advair]"/>
      <code>
	<coding>
	<system value="http://www.nlm.nih.gov/research/umls/rxnorm"/>
	  <code value="896235"/>
	  <display value="60 ACTUAT Fluticasone propionate 0.045 MG/ACTUAT / salmeterol 0.021 MG/ACTUAT Metered Dose Inhaler [Advair]"/>
	</coding>
      </code>
    </Medication>
  </contained>

  <status value="active" />
  <patient>
    <reference value="Patient/6666001"/>
  </patient>

  <medication>
    <reference value="#med"/>
  </medication>

  <dosageInstruction>
    <timingSchedule>
      <event>
        <start value="2015-01-01"/>
      </event>
      <repeat>
        <frequency value="2"/>
        <duration value="1"/>
        <units value="d"/>
      </repeat>
      
    </timingSchedule>
    <doseQuantity>
      <value value="1"/>
      <units value="{puff}"/>
      <system value="http://unitsofmeasure.org"/>
      <code value="{puff}"/>
    </doseQuantity>
    
    <text value="1 puff bid"/>
  </dosageInstruction>
</MedicationPrescription>

  </content>
</entry>
<entry xmlns="http://www.w3.org/2005/Atom">
  <title>SMART Patient-level resource</title>
  <id>MedicationPrescription/355</id>
  <updated>2015-07-07T20:00:54.452000</updated>
  <published>2015-07-07T20:00:54.452000</published>
  <author>
    <name>https://github.com/smart-on-fhir/sample-patients</name>
  </author>
  <content type="text/xml">
    
<MedicationPrescription xmlns="http://hl7.org/fhir">
  <text>
    <status value="generated"/>
    <div xmlns="http://www.w3.org/1999/xhtml">
      Prednisone Oral Tablet (rxnorm: 373585)
    </div>
  </text>

  <contained>
    <Medication id="med">
      <name value="Prednisone Oral Tablet"/>
      <code>
	<coding>
	<system value="http://www.nlm.nih.gov/research/umls/rxnorm"/>
	  <code value="373585"/>
	  <display value="Prednisone Oral Tablet"/>
	</coding>
      </code>
    </Medication>
  </contained>

  <status value="active" />
  <patient>
    <reference value="Patient/6666001"/>
  </patient>

  <medication>
    <reference value="#med"/>
  </medication>

  <dosageInstruction>
    <timingSchedule>
      <event>
        <start value="2015-01-01"/>
      </event>
    </timingSchedule>
    <asNeededBoolean value="true"/>
    
    <text value="prn"/>
  </dosageInstruction>
</MedicationPrescription>

  </content>
</entry>
<entry xmlns="http://www.w3.org/2005/Atom">
  <title>SMART Patient-level resource</title>
  <id>MedicationPrescription/356</id>
  <updated>2015-07-07T20:00:54.452000</updated>
  <published>2015-07-07T20:00:54.452000</published>
  <author>
    <name>https://github.com/smart-on-fhir/sample-patients</name>
  </author>
  <content type="text/xml">
    
<MedicationPrescription xmlns="http://hl7.org/fhir">
  <text>
    <status value="generated"/>
    <div xmlns="http://www.w3.org/1999/xhtml">
      Singulair Pill (rxnorm: 1183694)
    </div>
  </text>

  <contained>
    <Medication id="med">
      <name value="Singulair Pill"/>
      <code>
	<coding>
	<system value="http://www.nlm.nih.gov/research/umls/rxnorm"/>
	  <code value="1183694"/>
	  <display value="Singulair Pill"/>
	</coding>
      </code>
    </Medication>
  </contained>

  <status value="active" />
  <patient>
    <reference value="Patient/6666001"/>
  </patient>

  <medication>
    <reference value="#med"/>
  </medication>

  <dosageInstruction>
    <timingSchedule>
      <event>
        <start value="2015-01-01"/>
      </event>
      <repeat>
        <frequency value="1"/>
        <duration value="1"/>
        <units value="d"/>
      </repeat>
      
    </timingSchedule>
    <doseQuantity>
      <value value="1"/>
      <units value="{tablet}"/>
      <system value="http://unitsofmeasure.org"/>
      <code value="{tablet}"/>
    </doseQuantity>
    
    <text value="1 tab qd"/>
  </dosageInstruction>
</MedicationPrescription>

  </content>
</entry>

</feed>
