<?xml version="1.0" encoding="UTF-8"?>
<feed xmlns="http://www.w3.org/2005/Atom">
  <title>SMART patient bundle for transactional posting</title>
  <id>urn:uuid:23</id>
  <updated>2015-07-07T20:00:50.854000</updated>

  <entry xmlns="http://www.w3.org/2005/Atom">
  <title>SMART Patient-level resource</title>
  <id>Patient/7777702</id>
  <updated>2015-07-07T20:00:50.854000</updated>
  <published>2015-07-07T20:00:50.854000</published>
  <author>
    <name>https://github.com/smart-on-fhir/sample-patients</name>
  </author>
  <content type="text/xml">
    
  <Patient xmlns="http://hl7.org/fhir">
    <text>
      <status value="generated"/>
      <div xmlns="http://www.w3.org/1999/xhtml">
        <p>Yolanda Warren</p>
      </div>
    </text>
    <identifier>
      <use value="usual"/>
      <label value="SMART Hospital MRN"/>
      <system value="urn:oid:0.1.2.3.4.5.6.7"/>
      <value value="7777702"/>
    </identifier>
    <name>
      <use value="official"/>
      <family value="Warren"/>
      <given value="Yolanda"/>
    </name>
    <gender>
      <coding>
        <system value="http://hl7.org/fhir/v3/AdministrativeGender"/>
        <code value="F"/>
        <display value="Female"/>
      </coding>
    </gender>
    <birthDate value="2008-10-01" />
    <active value="true"/>
  </Patient>
  
  </content>
</entry>
  <entry xmlns="http://www.w3.org/2005/Atom">
  <title>SMART Patient-level resource</title>
  <id>Encounter/984</id>
  <updated>2015-07-07T20:00:50.854000</updated>
  <published>2015-07-07T20:00:50.854000</published>
  <author>
    <name>https://github.com/smart-on-fhir/sample-patients</name>
  </author>
  <content type="text/xml">
    
    <Encounter xmlns="http://hl7.org/fhir">
      <text>
        <status value="generated"/>
        <div xmlns="http://www.w3.org/1999/xhtml">2010-10-04: ambulatory encounter</div>
      </text>
      <status value="finished"/>
      <class value="ambulatory"/>
      <subject>
        <reference value="Patient/7777702"/>
      </subject>
      <period>
       <start value="2010-10-04"/>
       <end value="2010-10-04"/>
      </period>
    </Encounter>
  
  </content>
</entry>
  <entry xmlns="http://www.w3.org/2005/Atom">
  <title>SMART Patient-level resource</title>
  <id>Encounter/985</id>
  <updated>2015-07-07T20:00:50.854000</updated>
  <published>2015-07-07T20:00:50.854000</published>
  <author>
    <name>https://github.com/smart-on-fhir/sample-patients</name>
  </author>
  <content type="text/xml">
    
    <Encounter xmlns="http://hl7.org/fhir">
      <text>
        <status value="generated"/>
        <div xmlns="http://www.w3.org/1999/xhtml">2010-11-10: ambulatory encounter</div>
      </text>
      <status value="finished"/>
      <class value="ambulatory"/>
      <subject>
        <reference value="Patient/7777702"/>
      </subject>
      <period>
       <start value="2010-11-10"/>
       <end value="2010-11-10"/>
      </period>
    </Encounter>
  
  </content>
</entry>
  <entry xmlns="http://www.w3.org/2005/Atom">
  <title>SMART Patient-level resource</title>
  <id>Encounter/986</id>
  <updated>2015-07-07T20:00:50.854000</updated>
  <published>2015-07-07T20:00:50.854000</published>
  <author>
    <name>https://github.com/smart-on-fhir/sample-patients</name>
  </author>
  <content type="text/xml">
    
    <Encounter xmlns="http://hl7.org/fhir">
      <text>
        <status value="generated"/>
        <div xmlns="http://www.w3.org/1999/xhtml">2011-04-05: ambulatory encounter</div>
      </text>
      <status value="finished"/>
      <class value="ambulatory"/>
      <subject>
        <reference value="Patient/7777702"/>
      </subject>
      <period>
       <start value="2011-04-05"/>
       <end value="2011-04-05"/>
      </period>
    </Encounter>
  
  </content>
</entry>
  <entry xmlns="http://www.w3.org/2005/Atom">
  <title>SMART Patient-level resource</title>
  <id>Encounter/987</id>
  <updated>2015-07-07T20:00:50.854000</updated>
  <published>2015-07-07T20:00:50.854000</published>
  <author>
    <name>https://github.com/smart-on-fhir/sample-patients</name>
  </author>
  <content type="text/xml">
    
    <Encounter xmlns="http://hl7.org/fhir">
      <text>
        <status value="generated"/>
        <div xmlns="http://www.w3.org/1999/xhtml">2011-05-11: ambulatory encounter</div>
      </text>
      <status value="finished"/>
      <class value="ambulatory"/>
      <subject>
        <reference value="Patient/7777702"/>
      </subject>
      <period>
       <start value="2011-05-11"/>
       <end value="2011-05-11"/>
      </period>
    </Encounter>
  
  </content>
</entry>
  <entry xmlns="http://www.w3.org/2005/Atom">
  <title>SMART Patient-level resource</title>
  <id>Encounter/988</id>
  <updated>2015-07-07T20:00:50.854000</updated>
  <published>2015-07-07T20:00:50.854000</published>
  <author>
    <name>https://github.com/smart-on-fhir/sample-patients</name>
  </author>
  <content type="text/xml">
    
    <Encounter xmlns="http://hl7.org/fhir">
      <text>
        <status value="generated"/>
        <div xmlns="http://www.w3.org/1999/xhtml">2011-06-17: ambulatory encounter</div>
      </text>
      <status value="finished"/>
      <class value="ambulatory"/>
      <subject>
        <reference value="Patient/7777702"/>
      </subject>
      <period>
       <start value="2011-06-17"/>
       <end value="2011-06-17"/>
      </period>
    </Encounter>
  
  </content>
</entry>
  <entry xmlns="http://www.w3.org/2005/Atom">
  <title>SMART Patient-level resource</title>
  <id>Encounter/989</id>
  <updated>2015-07-07T20:00:50.854000</updated>
  <published>2015-07-07T20:00:50.854000</published>
  <author>
    <name>https://github.com/smart-on-fhir/sample-patients</name>
  </author>
  <content type="text/xml">
    
    <Encounter xmlns="http://hl7.org/fhir">
      <text>
        <status value="generated"/>
        <div xmlns="http://www.w3.org/1999/xhtml">2011-07-23: ambulatory encounter</div>
      </text>
      <status value="finished"/>
      <class value="ambulatory"/>
      <subject>
        <reference value="Patient/7777702"/>
      </subject>
      <period>
       <start value="2011-07-23"/>
       <end value="2011-07-23"/>
      </period>
    </Encounter>
  
  </content>
</entry>
  <entry xmlns="http://www.w3.org/2005/Atom">
  <title>SMART Patient-level resource</title>
  <id>Encounter/990</id>
  <updated>2015-07-07T20:00:50.854000</updated>
  <published>2015-07-07T20:00:50.854000</published>
  <author>
    <name>https://github.com/smart-on-fhir/sample-patients</name>
  </author>
  <content type="text/xml">
    
    <Encounter xmlns="http://hl7.org/fhir">
      <text>
        <status value="generated"/>
        <div xmlns="http://www.w3.org/1999/xhtml">2011-08-29: ambulatory encounter</div>
      </text>
      <status value="finished"/>
      <class value="ambulatory"/>
      <subject>
        <reference value="Patient/7777702"/>
      </subject>
      <period>
       <start value="2011-08-29"/>
       <end value="2011-08-29"/>
      </period>
    </Encounter>
  
  </content>
</entry>
  <entry xmlns="http://www.w3.org/2005/Atom">
  <title>SMART Patient-level resource</title>
  <id>Encounter/991</id>
  <updated>2015-07-07T20:00:50.854000</updated>
  <published>2015-07-07T20:00:50.854000</published>
  <author>
    <name>https://github.com/smart-on-fhir/sample-patients</name>
  </author>
  <content type="text/xml">
    
    <Encounter xmlns="http://hl7.org/fhir">
      <text>
        <status value="generated"/>
        <div xmlns="http://www.w3.org/1999/xhtml">2011-10-04: ambulatory encounter</div>
      </text>
      <status value="finished"/>
      <class value="ambulatory"/>
      <subject>
        <reference value="Patient/7777702"/>
      </subject>
      <period>
       <start value="2011-10-04"/>
       <end value="2011-10-04"/>
      </period>
    </Encounter>
  
  </content>
</entry>
  <entry xmlns="http://www.w3.org/2005/Atom">
  <title>SMART Patient-level resource</title>
  <id>Encounter/992</id>
  <updated>2015-07-07T20:00:50.854000</updated>
  <published>2015-07-07T20:00:50.854000</published>
  <author>
    <name>https://github.com/smart-on-fhir/sample-patients</name>
  </author>
  <content type="text/xml">
    
    <Encounter xmlns="http://hl7.org/fhir">
      <text>
        <status value="generated"/>
        <div xmlns="http://www.w3.org/1999/xhtml">2011-11-10: ambulatory encounter</div>
      </text>
      <status value="finished"/>
      <class value="ambulatory"/>
      <subject>
        <reference value="Patient/7777702"/>
      </subject>
      <period>
       <start value="2011-11-10"/>
       <end value="2011-11-10"/>
      </period>
    </Encounter>
  
  </content>
</entry>
  <entry xmlns="http://www.w3.org/2005/Atom">
  <title>SMART Patient-level resource</title>
  <id>Encounter/993</id>
  <updated>2015-07-07T20:00:50.854000</updated>
  <published>2015-07-07T20:00:50.854000</published>
  <author>
    <name>https://github.com/smart-on-fhir/sample-patients</name>
  </author>
  <content type="text/xml">
    
    <Encounter xmlns="http://hl7.org/fhir">
      <text>
        <status value="generated"/>
        <div xmlns="http://www.w3.org/1999/xhtml">2011-12-16: ambulatory encounter</div>
      </text>
      <status value="finished"/>
      <class value="ambulatory"/>
      <subject>
        <reference value="Patient/7777702"/>
      </subject>
      <period>
       <start value="2011-12-16"/>
       <end value="2011-12-16"/>
      </period>
    </Encounter>
  
  </content>
</entry>
  <entry xmlns="http://www.w3.org/2005/Atom">
  <title>SMART Patient-level resource</title>
  <id>Encounter/994</id>
  <updated>2015-07-07T20:00:50.854000</updated>
  <published>2015-07-07T20:00:50.854000</published>
  <author>
    <name>https://github.com/smart-on-fhir/sample-patients</name>
  </author>
  <content type="text/xml">
    
    <Encounter xmlns="http://hl7.org/fhir">
      <text>
        <status value="generated"/>
        <div xmlns="http://www.w3.org/1999/xhtml">2012-05-10: ambulatory encounter</div>
      </text>
      <status value="finished"/>
      <class value="ambulatory"/>
      <subject>
        <reference value="Patient/7777702"/>
      </subject>
      <period>
       <start value="2012-05-10"/>
       <end value="2012-05-10"/>
      </period>
    </Encounter>
  
  </content>
</entry>
  <entry xmlns="http://www.w3.org/2005/Atom">
  <title>SMART Patient-level resource</title>
  <id>Encounter/995</id>
  <updated>2015-07-07T20:00:50.854000</updated>
  <published>2015-07-07T20:00:50.854000</published>
  <author>
    <name>https://github.com/smart-on-fhir/sample-patients</name>
  </author>
  <content type="text/xml">
    
    <Encounter xmlns="http://hl7.org/fhir">
      <text>
        <status value="generated"/>
        <div xmlns="http://www.w3.org/1999/xhtml">2012-10-03: ambulatory encounter</div>
      </text>
      <status value="finished"/>
      <class value="ambulatory"/>
      <subject>
        <reference value="Patient/7777702"/>
      </subject>
      <period>
       <start value="2012-10-03"/>
       <end value="2012-10-03"/>
      </period>
    </Encounter>
  
  </content>
</entry>
  <entry xmlns="http://www.w3.org/2005/Atom">
  <title>SMART Patient-level resource</title>
  <id>Encounter/996</id>
  <updated>2015-07-07T20:00:50.854000</updated>
  <published>2015-07-07T20:00:50.854000</published>
  <author>
    <name>https://github.com/smart-on-fhir/sample-patients</name>
  </author>
  <content type="text/xml">
    
    <Encounter xmlns="http://hl7.org/fhir">
      <text>
        <status value="generated"/>
        <div xmlns="http://www.w3.org/1999/xhtml">2013-02-26: ambulatory encounter</div>
      </text>
      <status value="finished"/>
      <class value="ambulatory"/>
      <subject>
        <reference value="Patient/7777702"/>
      </subject>
      <period>
       <start value="2013-02-26"/>
       <end value="2013-02-26"/>
      </period>
    </Encounter>
  
  </content>
</entry>
<entry xmlns="http://www.w3.org/2005/Atom">
  <title>SMART Patient-level resource</title>
  <id>Observation/984-height</id>
  <updated>2015-07-07T20:00:50.854000</updated>
  <published>2015-07-07T20:00:50.854000</published>
  <author>
    <name>https://github.com/smart-on-fhir/sample-patients</name>
  </author>
  <content type="text/xml">
    
  <Observation xmlns="http://hl7.org/fhir">
    <extension url="http://fhir-registry.smarthealthit.org/Profile/vital-signs#encounter" >
        <valueResource>
            <reference value="Encounter/984"/>
        </valueResource>
    </extension>
    
    <text>
      <status value="generated"/>
      <div xmlns="http://www.w3.org/1999/xhtml">2010-10-04: height = 78.5 cm</div>
    </text>
    <name>
      <coding>
        <system value="http://loinc.org"/>
        <code value="8302-2"/>
        <display value="height"/>
      </coding>
    </name>
    <valueQuantity>
      <value value="78.5"/>
      <units value="cm"/>
      <system value="http://unitsofmeasure.org" />
      <code value="cm"/>
    </valueQuantity>
    
    <appliesDateTime value="2010-10-04"/>
    <status value="final"/>
    <reliability value="ok"/>
    <subject>
      <reference value="Patient/7777702"/>
    </subject>
  </Observation>
  
  </content>
</entry>
<entry xmlns="http://www.w3.org/2005/Atom">
  <title>SMART Patient-level resource</title>
  <id>Observation/984-weight</id>
  <updated>2015-07-07T20:00:50.854000</updated>
  <published>2015-07-07T20:00:50.854000</published>
  <author>
    <name>https://github.com/smart-on-fhir/sample-patients</name>
  </author>
  <content type="text/xml">
    
  <Observation xmlns="http://hl7.org/fhir">
    <extension url="http://fhir-registry.smarthealthit.org/Profile/vital-signs#encounter" >
        <valueResource>
            <reference value="Encounter/984"/>
        </valueResource>
    </extension>
    
    <text>
      <status value="generated"/>
      <div xmlns="http://www.w3.org/1999/xhtml">2010-10-04: weight = 9.8 kg</div>
    </text>
    <name>
      <coding>
        <system value="http://loinc.org"/>
        <code value="3141-9"/>
        <display value="weight"/>
      </coding>
    </name>
    <valueQuantity>
      <value value="9.8"/>
      <units value="kg"/>
      <system value="http://unitsofmeasure.org" />
      <code value="kg"/>
    </valueQuantity>
    
    <appliesDateTime value="2010-10-04"/>
    <status value="final"/>
    <reliability value="ok"/>
    <subject>
      <reference value="Patient/7777702"/>
    </subject>
  </Observation>
  
  </content>
</entry>
<entry xmlns="http://www.w3.org/2005/Atom">
  <title>SMART Patient-level resource</title>
  <id>Observation/985-height</id>
  <updated>2015-07-07T20:00:50.854000</updated>
  <published>2015-07-07T20:00:50.854000</published>
  <author>
    <name>https://github.com/smart-on-fhir/sample-patients</name>
  </author>
  <content type="text/xml">
    
  <Observation xmlns="http://hl7.org/fhir">
    <extension url="http://fhir-registry.smarthealthit.org/Profile/vital-signs#encounter" >
        <valueResource>
            <reference value="Encounter/985"/>
        </valueResource>
    </extension>
    
    <text>
      <status value="generated"/>
      <div xmlns="http://www.w3.org/1999/xhtml">2010-11-10: height = 78.5 cm</div>
    </text>
    <name>
      <coding>
        <system value="http://loinc.org"/>
        <code value="8302-2"/>
        <display value="height"/>
      </coding>
    </name>
    <valueQuantity>
      <value value="78.5"/>
      <units value="cm"/>
      <system value="http://unitsofmeasure.org" />
      <code value="cm"/>
    </valueQuantity>
    
    <appliesDateTime value="2010-11-10"/>
    <status value="final"/>
    <reliability value="ok"/>
    <subject>
      <reference value="Patient/7777702"/>
    </subject>
  </Observation>
  
  </content>
</entry>
<entry xmlns="http://www.w3.org/2005/Atom">
  <title>SMART Patient-level resource</title>
  <id>Observation/985-weight</id>
  <updated>2015-07-07T20:00:50.854000</updated>
  <published>2015-07-07T20:00:50.854000</published>
  <author>
    <name>https://github.com/smart-on-fhir/sample-patients</name>
  </author>
  <content type="text/xml">
    
  <Observation xmlns="http://hl7.org/fhir">
    <extension url="http://fhir-registry.smarthealthit.org/Profile/vital-signs#encounter" >
        <valueResource>
            <reference value="Encounter/985"/>
        </valueResource>
    </extension>
    
    <text>
      <status value="generated"/>
      <div xmlns="http://www.w3.org/1999/xhtml">2010-11-10: weight = 9.8 kg</div>
    </text>
    <name>
      <coding>
        <system value="http://loinc.org"/>
        <code value="3141-9"/>
        <display value="weight"/>
      </coding>
    </name>
    <valueQuantity>
      <value value="9.8"/>
      <units value="kg"/>
      <system value="http://unitsofmeasure.org" />
      <code value="kg"/>
    </valueQuantity>
    
    <appliesDateTime value="2010-11-10"/>
    <status value="final"/>
    <reliability value="ok"/>
    <subject>
      <reference value="Patient/7777702"/>
    </subject>
  </Observation>
  
  </content>
</entry>
<entry xmlns="http://www.w3.org/2005/Atom">
  <title>SMART Patient-level resource</title>
  <id>Observation/986-height</id>
  <updated>2015-07-07T20:00:50.854000</updated>
  <published>2015-07-07T20:00:50.854000</published>
  <author>
    <name>https://github.com/smart-on-fhir/sample-patients</name>
  </author>
  <content type="text/xml">
    
  <Observation xmlns="http://hl7.org/fhir">
    <extension url="http://fhir-registry.smarthealthit.org/Profile/vital-signs#encounter" >
        <valueResource>
            <reference value="Encounter/986"/>
        </valueResource>
    </extension>
    
    <text>
      <status value="generated"/>
      <div xmlns="http://www.w3.org/1999/xhtml">2011-04-05: height = 82.3 cm</div>
    </text>
    <name>
      <coding>
        <system value="http://loinc.org"/>
        <code value="8302-2"/>
        <display value="height"/>
      </coding>
    </name>
    <valueQuantity>
      <value value="82.3"/>
      <units value="cm"/>
      <system value="http://unitsofmeasure.org" />
      <code value="cm"/>
    </valueQuantity>
    
    <appliesDateTime value="2011-04-05"/>
    <status value="final"/>
    <reliability value="ok"/>
    <subject>
      <reference value="Patient/7777702"/>
    </subject>
  </Observation>
  
  </content>
</entry>
<entry xmlns="http://www.w3.org/2005/Atom">
  <title>SMART Patient-level resource</title>
  <id>Observation/986-weight</id>
  <updated>2015-07-07T20:00:50.854000</updated>
  <published>2015-07-07T20:00:50.854000</published>
  <author>
    <name>https://github.com/smart-on-fhir/sample-patients</name>
  </author>
  <content type="text/xml">
    
  <Observation xmlns="http://hl7.org/fhir">
    <extension url="http://fhir-registry.smarthealthit.org/Profile/vital-signs#encounter" >
        <valueResource>
            <reference value="Encounter/986"/>
        </valueResource>
    </extension>
    
    <text>
      <status value="generated"/>
      <div xmlns="http://www.w3.org/1999/xhtml">2011-04-05: weight = 10.9 kg</div>
    </text>
    <name>
      <coding>
        <system value="http://loinc.org"/>
        <code value="3141-9"/>
        <display value="weight"/>
      </coding>
    </name>
    <valueQuantity>
      <value value="10.9"/>
      <units value="kg"/>
      <system value="http://unitsofmeasure.org" />
      <code value="kg"/>
    </valueQuantity>
    
    <appliesDateTime value="2011-04-05"/>
    <status value="final"/>
    <reliability value="ok"/>
    <subject>
      <reference value="Patient/7777702"/>
    </subject>
  </Observation>
  
  </content>
</entry>
<entry xmlns="http://www.w3.org/2005/Atom">
  <title>SMART Patient-level resource</title>
  <id>Observation/987-height</id>
  <updated>2015-07-07T20:00:50.854000</updated>
  <published>2015-07-07T20:00:50.854000</published>
  <author>
    <name>https://github.com/smart-on-fhir/sample-patients</name>
  </author>
  <content type="text/xml">
    
  <Observation xmlns="http://hl7.org/fhir">
    <extension url="http://fhir-registry.smarthealthit.org/Profile/vital-signs#encounter" >
        <valueResource>
            <reference value="Encounter/987"/>
        </valueResource>
    </extension>
    
    <text>
      <status value="generated"/>
      <div xmlns="http://www.w3.org/1999/xhtml">2011-05-11: height = 82.3 cm</div>
    </text>
    <name>
      <coding>
        <system value="http://loinc.org"/>
        <code value="8302-2"/>
        <display value="height"/>
      </coding>
    </name>
    <valueQuantity>
      <value value="82.3"/>
      <units value="cm"/>
      <system value="http://unitsofmeasure.org" />
      <code value="cm"/>
    </valueQuantity>
    
    <appliesDateTime value="2011-05-11"/>
    <status value="final"/>
    <reliability value="ok"/>
    <subject>
      <reference value="Patient/7777702"/>
    </subject>
  </Observation>
  
  </content>
</entry>
<entry xmlns="http://www.w3.org/2005/Atom">
  <title>SMART Patient-level resource</title>
  <id>Observation/987-weight</id>
  <updated>2015-07-07T20:00:50.854000</updated>
  <published>2015-07-07T20:00:50.854000</published>
  <author>
    <name>https://github.com/smart-on-fhir/sample-patients</name>
  </author>
  <content type="text/xml">
    
  <Observation xmlns="http://hl7.org/fhir">
    <extension url="http://fhir-registry.smarthealthit.org/Profile/vital-signs#encounter" >
        <valueResource>
            <reference value="Encounter/987"/>
        </valueResource>
    </extension>
    
    <text>
      <status value="generated"/>
      <div xmlns="http://www.w3.org/1999/xhtml">2011-05-11: weight = 11.2 kg</div>
    </text>
    <name>
      <coding>
        <system value="http://loinc.org"/>
        <code value="3141-9"/>
        <display value="weight"/>
      </coding>
    </name>
    <valueQuantity>
      <value value="11.2"/>
      <units value="kg"/>
      <system value="http://unitsofmeasure.org" />
      <code value="kg"/>
    </valueQuantity>
    
    <appliesDateTime value="2011-05-11"/>
    <status value="final"/>
    <reliability value="ok"/>
    <subject>
      <reference value="Patient/7777702"/>
    </subject>
  </Observation>
  
  </content>
</entry>
<entry xmlns="http://www.w3.org/2005/Atom">
  <title>SMART Patient-level resource</title>
  <id>Observation/988-height</id>
  <updated>2015-07-07T20:00:50.854000</updated>
  <published>2015-07-07T20:00:50.854000</published>
  <author>
    <name>https://github.com/smart-on-fhir/sample-patients</name>
  </author>
  <content type="text/xml">
    
  <Observation xmlns="http://hl7.org/fhir">
    <extension url="http://fhir-registry.smarthealthit.org/Profile/vital-signs#encounter" >
        <valueResource>
            <reference value="Encounter/988"/>
        </valueResource>
    </extension>
    
    <text>
      <status value="generated"/>
      <div xmlns="http://www.w3.org/1999/xhtml">2011-06-17: height = 84.0 cm</div>
    </text>
    <name>
      <coding>
        <system value="http://loinc.org"/>
        <code value="8302-2"/>
        <display value="height"/>
      </coding>
    </name>
    <valueQuantity>
      <value value="84.0"/>
      <units value="cm"/>
      <system value="http://unitsofmeasure.org" />
      <code value="cm"/>
    </valueQuantity>
    
    <appliesDateTime value="2011-06-17"/>
    <status value="final"/>
    <reliability value="ok"/>
    <subject>
      <reference value="Patient/7777702"/>
    </subject>
  </Observation>
  
  </content>
</entry>
<entry xmlns="http://www.w3.org/2005/Atom">
  <title>SMART Patient-level resource</title>
  <id>Observation/988-weight</id>
  <updated>2015-07-07T20:00:50.854000</updated>
  <published>2015-07-07T20:00:50.854000</published>
  <author>
    <name>https://github.com/smart-on-fhir/sample-patients</name>
  </author>
  <content type="text/xml">
    
  <Observation xmlns="http://hl7.org/fhir">
    <extension url="http://fhir-registry.smarthealthit.org/Profile/vital-signs#encounter" >
        <valueResource>
            <reference value="Encounter/988"/>
        </valueResource>
    </extension>
    
    <text>
      <status value="generated"/>
      <div xmlns="http://www.w3.org/1999/xhtml">2011-06-17: weight = 11.2 kg</div>
    </text>
    <name>
      <coding>
        <system value="http://loinc.org"/>
        <code value="3141-9"/>
        <display value="weight"/>
      </coding>
    </name>
    <valueQuantity>
      <value value="11.2"/>
      <units value="kg"/>
      <system value="http://unitsofmeasure.org" />
      <code value="kg"/>
    </valueQuantity>
    
    <appliesDateTime value="2011-06-17"/>
    <status value="final"/>
    <reliability value="ok"/>
    <subject>
      <reference value="Patient/7777702"/>
    </subject>
  </Observation>
  
  </content>
</entry>
<entry xmlns="http://www.w3.org/2005/Atom">
  <title>SMART Patient-level resource</title>
  <id>Observation/989-height</id>
  <updated>2015-07-07T20:00:50.854000</updated>
  <published>2015-07-07T20:00:50.854000</published>
  <author>
    <name>https://github.com/smart-on-fhir/sample-patients</name>
  </author>
  <content type="text/xml">
    
  <Observation xmlns="http://hl7.org/fhir">
    <extension url="http://fhir-registry.smarthealthit.org/Profile/vital-signs#encounter" >
        <valueResource>
            <reference value="Encounter/989"/>
        </valueResource>
    </extension>
    
    <text>
      <status value="generated"/>
      <div xmlns="http://www.w3.org/1999/xhtml">2011-07-23: height = 83.5 cm</div>
    </text>
    <name>
      <coding>
        <system value="http://loinc.org"/>
        <code value="8302-2"/>
        <display value="height"/>
      </coding>
    </name>
    <valueQuantity>
      <value value="83.5"/>
      <units value="cm"/>
      <system value="http://unitsofmeasure.org" />
      <code value="cm"/>
    </valueQuantity>
    
    <appliesDateTime value="2011-07-23"/>
    <status value="final"/>
    <reliability value="ok"/>
    <subject>
      <reference value="Patient/7777702"/>
    </subject>
  </Observation>
  
  </content>
</entry>
<entry xmlns="http://www.w3.org/2005/Atom">
  <title>SMART Patient-level resource</title>
  <id>Observation/989-weight</id>
  <updated>2015-07-07T20:00:50.854000</updated>
  <published>2015-07-07T20:00:50.854000</published>
  <author>
    <name>https://github.com/smart-on-fhir/sample-patients</name>
  </author>
  <content type="text/xml">
    
  <Observation xmlns="http://hl7.org/fhir">
    <extension url="http://fhir-registry.smarthealthit.org/Profile/vital-signs#encounter" >
        <valueResource>
            <reference value="Encounter/989"/>
        </valueResource>
    </extension>
    
    <text>
      <status value="generated"/>
      <div xmlns="http://www.w3.org/1999/xhtml">2011-07-23: weight = 11.7 kg</div>
    </text>
    <name>
      <coding>
        <system value="http://loinc.org"/>
        <code value="3141-9"/>
        <display value="weight"/>
      </coding>
    </name>
    <valueQuantity>
      <value value="11.7"/>
      <units value="kg"/>
      <system value="http://unitsofmeasure.org" />
      <code value="kg"/>
    </valueQuantity>
    
    <appliesDateTime value="2011-07-23"/>
    <status value="final"/>
    <reliability value="ok"/>
    <subject>
      <reference value="Patient/7777702"/>
    </subject>
  </Observation>
  
  </content>
</entry>
<entry xmlns="http://www.w3.org/2005/Atom">
  <title>SMART Patient-level resource</title>
  <id>Observation/990-height</id>
  <updated>2015-07-07T20:00:50.854000</updated>
  <published>2015-07-07T20:00:50.854000</published>
  <author>
    <name>https://github.com/smart-on-fhir/sample-patients</name>
  </author>
  <content type="text/xml">
    
  <Observation xmlns="http://hl7.org/fhir">
    <extension url="http://fhir-registry.smarthealthit.org/Profile/vital-signs#encounter" >
        <valueResource>
            <reference value="Encounter/990"/>
        </valueResource>
    </extension>
    
    <text>
      <status value="generated"/>
      <div xmlns="http://www.w3.org/1999/xhtml">2011-08-29: height = 85.5 cm</div>
    </text>
    <name>
      <coding>
        <system value="http://loinc.org"/>
        <code value="8302-2"/>
        <display value="height"/>
      </coding>
    </name>
    <valueQuantity>
      <value value="85.5"/>
      <units value="cm"/>
      <system value="http://unitsofmeasure.org" />
      <code value="cm"/>
    </valueQuantity>
    
    <appliesDateTime value="2011-08-29"/>
    <status value="final"/>
    <reliability value="ok"/>
    <subject>
      <reference value="Patient/7777702"/>
    </subject>
  </Observation>
  
  </content>
</entry>
<entry xmlns="http://www.w3.org/2005/Atom">
  <title>SMART Patient-level resource</title>
  <id>Observation/990-weight</id>
  <updated>2015-07-07T20:00:50.854000</updated>
  <published>2015-07-07T20:00:50.854000</published>
  <author>
    <name>https://github.com/smart-on-fhir/sample-patients</name>
  </author>
  <content type="text/xml">
    
  <Observation xmlns="http://hl7.org/fhir">
    <extension url="http://fhir-registry.smarthealthit.org/Profile/vital-signs#encounter" >
        <valueResource>
            <reference value="Encounter/990"/>
        </valueResource>
    </extension>
    
    <text>
      <status value="generated"/>
      <div xmlns="http://www.w3.org/1999/xhtml">2011-08-29: weight = 11.0 kg</div>
    </text>
    <name>
      <coding>
        <system value="http://loinc.org"/>
        <code value="3141-9"/>
        <display value="weight"/>
      </coding>
    </name>
    <valueQuantity>
      <value value="11.0"/>
      <units value="kg"/>
      <system value="http://unitsofmeasure.org" />
      <code value="kg"/>
    </valueQuantity>
    
    <appliesDateTime value="2011-08-29"/>
    <status value="final"/>
    <reliability value="ok"/>
    <subject>
      <reference value="Patient/7777702"/>
    </subject>
  </Observation>
  
  </content>
</entry>
<entry xmlns="http://www.w3.org/2005/Atom">
  <title>SMART Patient-level resource</title>
  <id>Observation/991-height</id>
  <updated>2015-07-07T20:00:50.854000</updated>
  <published>2015-07-07T20:00:50.854000</published>
  <author>
    <name>https://github.com/smart-on-fhir/sample-patients</name>
  </author>
  <content type="text/xml">
    
  <Observation xmlns="http://hl7.org/fhir">
    <extension url="http://fhir-registry.smarthealthit.org/Profile/vital-signs#encounter" >
        <valueResource>
            <reference value="Encounter/991"/>
        </valueResource>
    </extension>
    
    <text>
      <status value="generated"/>
      <div xmlns="http://www.w3.org/1999/xhtml">2011-10-04: height = 86.3 cm</div>
    </text>
    <name>
      <coding>
        <system value="http://loinc.org"/>
        <code value="8302-2"/>
        <display value="height"/>
      </coding>
    </name>
    <valueQuantity>
      <value value="86.3"/>
      <units value="cm"/>
      <system value="http://unitsofmeasure.org" />
      <code value="cm"/>
    </valueQuantity>
    
    <appliesDateTime value="2011-10-04"/>
    <status value="final"/>
    <reliability value="ok"/>
    <subject>
      <reference value="Patient/7777702"/>
    </subject>
  </Observation>
  
  </content>
</entry>
<entry xmlns="http://www.w3.org/2005/Atom">
  <title>SMART Patient-level resource</title>
  <id>Observation/991-weight</id>
  <updated>2015-07-07T20:00:50.854000</updated>
  <published>2015-07-07T20:00:50.854000</published>
  <author>
    <name>https://github.com/smart-on-fhir/sample-patients</name>
  </author>
  <content type="text/xml">
    
  <Observation xmlns="http://hl7.org/fhir">
    <extension url="http://fhir-registry.smarthealthit.org/Profile/vital-signs#encounter" >
        <valueResource>
            <reference value="Encounter/991"/>
        </valueResource>
    </extension>
    
    <text>
      <status value="generated"/>
      <div xmlns="http://www.w3.org/1999/xhtml">2011-10-04: weight = 11.3 kg</div>
    </text>
    <name>
      <coding>
        <system value="http://loinc.org"/>
        <code value="3141-9"/>
        <display value="weight"/>
      </coding>
    </name>
    <valueQuantity>
      <value value="11.3"/>
      <units value="kg"/>
      <system value="http://unitsofmeasure.org" />
      <code value="kg"/>
    </valueQuantity>
    
    <appliesDateTime value="2011-10-04"/>
    <status value="final"/>
    <reliability value="ok"/>
    <subject>
      <reference value="Patient/7777702"/>
    </subject>
  </Observation>
  
  </content>
</entry>
<entry xmlns="http://www.w3.org/2005/Atom">
  <title>SMART Patient-level resource</title>
  <id>Observation/992-height</id>
  <updated>2015-07-07T20:00:50.854000</updated>
  <published>2015-07-07T20:00:50.854000</published>
  <author>
    <name>https://github.com/smart-on-fhir/sample-patients</name>
  </author>
  <content type="text/xml">
    
  <Observation xmlns="http://hl7.org/fhir">
    <extension url="http://fhir-registry.smarthealthit.org/Profile/vital-signs#encounter" >
        <valueResource>
            <reference value="Encounter/992"/>
        </valueResource>
    </extension>
    
    <text>
      <status value="generated"/>
      <div xmlns="http://www.w3.org/1999/xhtml">2011-11-10: height = 86.3 cm</div>
    </text>
    <name>
      <coding>
        <system value="http://loinc.org"/>
        <code value="8302-2"/>
        <display value="height"/>
      </coding>
    </name>
    <valueQuantity>
      <value value="86.3"/>
      <units value="cm"/>
      <system value="http://unitsofmeasure.org" />
      <code value="cm"/>
    </valueQuantity>
    
    <appliesDateTime value="2011-11-10"/>
    <status value="final"/>
    <reliability value="ok"/>
    <subject>
      <reference value="Patient/7777702"/>
    </subject>
  </Observation>
  
  </content>
</entry>
<entry xmlns="http://www.w3.org/2005/Atom">
  <title>SMART Patient-level resource</title>
  <id>Observation/992-weight</id>
  <updated>2015-07-07T20:00:50.854000</updated>
  <published>2015-07-07T20:00:50.854000</published>
  <author>
    <name>https://github.com/smart-on-fhir/sample-patients</name>
  </author>
  <content type="text/xml">
    
  <Observation xmlns="http://hl7.org/fhir">
    <extension url="http://fhir-registry.smarthealthit.org/Profile/vital-signs#encounter" >
        <valueResource>
            <reference value="Encounter/992"/>
        </valueResource>
    </extension>
    
    <text>
      <status value="generated"/>
      <div xmlns="http://www.w3.org/1999/xhtml">2011-11-10: weight = 11.9 kg</div>
    </text>
    <name>
      <coding>
        <system value="http://loinc.org"/>
        <code value="3141-9"/>
        <display value="weight"/>
      </coding>
    </name>
    <valueQuantity>
      <value value="11.9"/>
      <units value="kg"/>
      <system value="http://unitsofmeasure.org" />
      <code value="kg"/>
    </valueQuantity>
    
    <appliesDateTime value="2011-11-10"/>
    <status value="final"/>
    <reliability value="ok"/>
    <subject>
      <reference value="Patient/7777702"/>
    </subject>
  </Observation>
  
  </content>
</entry>
<entry xmlns="http://www.w3.org/2005/Atom">
  <title>SMART Patient-level resource</title>
  <id>Observation/993-height</id>
  <updated>2015-07-07T20:00:50.854000</updated>
  <published>2015-07-07T20:00:50.854000</published>
  <author>
    <name>https://github.com/smart-on-fhir/sample-patients</name>
  </author>
  <content type="text/xml">
    
  <Observation xmlns="http://hl7.org/fhir">
    <extension url="http://fhir-registry.smarthealthit.org/Profile/vital-signs#encounter" >
        <valueResource>
            <reference value="Encounter/993"/>
        </valueResource>
    </extension>
    
    <text>
      <status value="generated"/>
      <div xmlns="http://www.w3.org/1999/xhtml">2011-12-16: height = 86.7 cm</div>
    </text>
    <name>
      <coding>
        <system value="http://loinc.org"/>
        <code value="8302-2"/>
        <display value="height"/>
      </coding>
    </name>
    <valueQuantity>
      <value value="86.7"/>
      <units value="cm"/>
      <system value="http://unitsofmeasure.org" />
      <code value="cm"/>
    </valueQuantity>
    
    <appliesDateTime value="2011-12-16"/>
    <status value="final"/>
    <reliability value="ok"/>
    <subject>
      <reference value="Patient/7777702"/>
    </subject>
  </Observation>
  
  </content>
</entry>
<entry xmlns="http://www.w3.org/2005/Atom">
  <title>SMART Patient-level resource</title>
  <id>Observation/993-weight</id>
  <updated>2015-07-07T20:00:50.854000</updated>
  <published>2015-07-07T20:00:50.854000</published>
  <author>
    <name>https://github.com/smart-on-fhir/sample-patients</name>
  </author>
  <content type="text/xml">
    
  <Observation xmlns="http://hl7.org/fhir">
    <extension url="http://fhir-registry.smarthealthit.org/Profile/vital-signs#encounter" >
        <valueResource>
            <reference value="Encounter/993"/>
        </valueResource>
    </extension>
    
    <text>
      <status value="generated"/>
      <div xmlns="http://www.w3.org/1999/xhtml">2011-12-16: weight = 12.0 kg</div>
    </text>
    <name>
      <coding>
        <system value="http://loinc.org"/>
        <code value="3141-9"/>
        <display value="weight"/>
      </coding>
    </name>
    <valueQuantity>
      <value value="12.0"/>
      <units value="kg"/>
      <system value="http://unitsofmeasure.org" />
      <code value="kg"/>
    </valueQuantity>
    
    <appliesDateTime value="2011-12-16"/>
    <status value="final"/>
    <reliability value="ok"/>
    <subject>
      <reference value="Patient/7777702"/>
    </subject>
  </Observation>
  
  </content>
</entry>
<entry xmlns="http://www.w3.org/2005/Atom">
  <title>SMART Patient-level resource</title>
  <id>Observation/994-height</id>
  <updated>2015-07-07T20:00:50.854000</updated>
  <published>2015-07-07T20:00:50.854000</published>
  <author>
    <name>https://github.com/smart-on-fhir/sample-patients</name>
  </author>
  <content type="text/xml">
    
  <Observation xmlns="http://hl7.org/fhir">
    <extension url="http://fhir-registry.smarthealthit.org/Profile/vital-signs#encounter" >
        <valueResource>
            <reference value="Encounter/994"/>
        </valueResource>
    </extension>
    
    <text>
      <status value="generated"/>
      <div xmlns="http://www.w3.org/1999/xhtml">2012-05-10: height = 90.9 cm</div>
    </text>
    <name>
      <coding>
        <system value="http://loinc.org"/>
        <code value="8302-2"/>
        <display value="height"/>
      </coding>
    </name>
    <valueQuantity>
      <value value="90.9"/>
      <units value="cm"/>
      <system value="http://unitsofmeasure.org" />
      <code value="cm"/>
    </valueQuantity>
    
    <appliesDateTime value="2012-05-10"/>
    <status value="final"/>
    <reliability value="ok"/>
    <subject>
      <reference value="Patient/7777702"/>
    </subject>
  </Observation>
  
  </content>
</entry>
<entry xmlns="http://www.w3.org/2005/Atom">
  <title>SMART Patient-level resource</title>
  <id>Observation/994-weight</id>
  <updated>2015-07-07T20:00:50.854000</updated>
  <published>2015-07-07T20:00:50.854000</published>
  <author>
    <name>https://github.com/smart-on-fhir/sample-patients</name>
  </author>
  <content type="text/xml">
    
  <Observation xmlns="http://hl7.org/fhir">
    <extension url="http://fhir-registry.smarthealthit.org/Profile/vital-signs#encounter" >
        <valueResource>
            <reference value="Encounter/994"/>
        </valueResource>
    </extension>
    
    <text>
      <status value="generated"/>
      <div xmlns="http://www.w3.org/1999/xhtml">2012-05-10: weight = 12.7 kg</div>
    </text>
    <name>
      <coding>
        <system value="http://loinc.org"/>
        <code value="3141-9"/>
        <display value="weight"/>
      </coding>
    </name>
    <valueQuantity>
      <value value="12.7"/>
      <units value="kg"/>
      <system value="http://unitsofmeasure.org" />
      <code value="kg"/>
    </valueQuantity>
    
    <appliesDateTime value="2012-05-10"/>
    <status value="final"/>
    <reliability value="ok"/>
    <subject>
      <reference value="Patient/7777702"/>
    </subject>
  </Observation>
  
  </content>
</entry>
<entry xmlns="http://www.w3.org/2005/Atom">
  <title>SMART Patient-level resource</title>
  <id>Observation/995-height</id>
  <updated>2015-07-07T20:00:50.854000</updated>
  <published>2015-07-07T20:00:50.854000</published>
  <author>
    <name>https://github.com/smart-on-fhir/sample-patients</name>
  </author>
  <content type="text/xml">
    
  <Observation xmlns="http://hl7.org/fhir">
    <extension url="http://fhir-registry.smarthealthit.org/Profile/vital-signs#encounter" >
        <valueResource>
            <reference value="Encounter/995"/>
        </valueResource>
    </extension>
    
    <text>
      <status value="generated"/>
      <div xmlns="http://www.w3.org/1999/xhtml">2012-10-03: height = 95.4 cm</div>
    </text>
    <name>
      <coding>
        <system value="http://loinc.org"/>
        <code value="8302-2"/>
        <display value="height"/>
      </coding>
    </name>
    <valueQuantity>
      <value value="95.4"/>
      <units value="cm"/>
      <system value="http://unitsofmeasure.org" />
      <code value="cm"/>
    </valueQuantity>
    
    <appliesDateTime value="2012-10-03"/>
    <status value="final"/>
    <reliability value="ok"/>
    <subject>
      <reference value="Patient/7777702"/>
    </subject>
  </Observation>
  
  </content>
</entry>
<entry xmlns="http://www.w3.org/2005/Atom">
  <title>SMART Patient-level resource</title>
  <id>Observation/995-weight</id>
  <updated>2015-07-07T20:00:50.854000</updated>
  <published>2015-07-07T20:00:50.854000</published>
  <author>
    <name>https://github.com/smart-on-fhir/sample-patients</name>
  </author>
  <content type="text/xml">
    
  <Observation xmlns="http://hl7.org/fhir">
    <extension url="http://fhir-registry.smarthealthit.org/Profile/vital-signs#encounter" >
        <valueResource>
            <reference value="Encounter/995"/>
        </valueResource>
    </extension>
    
    <text>
      <status value="generated"/>
      <div xmlns="http://www.w3.org/1999/xhtml">2012-10-03: weight = 13.2 kg</div>
    </text>
    <name>
      <coding>
        <system value="http://loinc.org"/>
        <code value="3141-9"/>
        <display value="weight"/>
      </coding>
    </name>
    <valueQuantity>
      <value value="13.2"/>
      <units value="kg"/>
      <system value="http://unitsofmeasure.org" />
      <code value="kg"/>
    </valueQuantity>
    
    <appliesDateTime value="2012-10-03"/>
    <status value="final"/>
    <reliability value="ok"/>
    <subject>
      <reference value="Patient/7777702"/>
    </subject>
  </Observation>
  
  </content>
</entry>
<entry xmlns="http://www.w3.org/2005/Atom">
  <title>SMART Patient-level resource</title>
  <id>Observation/996-height</id>
  <updated>2015-07-07T20:00:50.854000</updated>
  <published>2015-07-07T20:00:50.854000</published>
  <author>
    <name>https://github.com/smart-on-fhir/sample-patients</name>
  </author>
  <content type="text/xml">
    
  <Observation xmlns="http://hl7.org/fhir">
    <extension url="http://fhir-registry.smarthealthit.org/Profile/vital-signs#encounter" >
        <valueResource>
            <reference value="Encounter/996"/>
        </valueResource>
    </extension>
    
    <text>
      <status value="generated"/>
      <div xmlns="http://www.w3.org/1999/xhtml">2013-02-26: height = 98.8 cm</div>
    </text>
    <name>
      <coding>
        <system value="http://loinc.org"/>
        <code value="8302-2"/>
        <display value="height"/>
      </coding>
    </name>
    <valueQuantity>
      <value value="98.8"/>
      <units value="cm"/>
      <system value="http://unitsofmeasure.org" />
      <code value="cm"/>
    </valueQuantity>
    
    <appliesDateTime value="2013-02-26"/>
    <status value="final"/>
    <reliability value="ok"/>
    <subject>
      <reference value="Patient/7777702"/>
    </subject>
  </Observation>
  
  </content>
</entry>
<entry xmlns="http://www.w3.org/2005/Atom">
  <title>SMART Patient-level resource</title>
  <id>Observation/996-weight</id>
  <updated>2015-07-07T20:00:50.854000</updated>
  <published>2015-07-07T20:00:50.854000</published>
  <author>
    <name>https://github.com/smart-on-fhir/sample-patients</name>
  </author>
  <content type="text/xml">
    
  <Observation xmlns="http://hl7.org/fhir">
    <extension url="http://fhir-registry.smarthealthit.org/Profile/vital-signs#encounter" >
        <valueResource>
            <reference value="Encounter/996"/>
        </valueResource>
    </extension>
    
    <text>
      <status value="generated"/>
      <div xmlns="http://www.w3.org/1999/xhtml">2013-02-26: weight = 14.4 kg</div>
    </text>
    <name>
      <coding>
        <system value="http://loinc.org"/>
        <code value="3141-9"/>
        <display value="weight"/>
      </coding>
    </name>
    <valueQuantity>
      <value value="14.4"/>
      <units value="kg"/>
      <system value="http://unitsofmeasure.org" />
      <code value="kg"/>
    </valueQuantity>
    
    <appliesDateTime value="2013-02-26"/>
    <status value="final"/>
    <reliability value="ok"/>
    <subject>
      <reference value="Patient/7777702"/>
    </subject>
  </Observation>
  
  </content>
</entry>
  <entry xmlns="http://www.w3.org/2005/Atom">
  <title>SMART Patient-level resource</title>
  <id>FamilyHistory/9</id>
  <updated>2015-07-07T20:00:50.854000</updated>
  <published>2015-07-07T20:00:50.854000</published>
  <author>
    <name>https://github.com/smart-on-fhir/sample-patients</name>
  </author>
  <content type="text/xml">
    
    <FamilyHistory xmlns="http://hl7.org/fhir">
      <extension url="http://fhir-registry.smarthealthit.org/Profile/family-history#height">
        <valueQuantity>
          <value value="177"/>
          <units value="centimeters"/>
          <system value="http://unitsofmeasure.org"/>
          <code value="cm"/>
        </valueQuantity>
      </extension>
      
      <text>
        <status value="generated"/>
        <div xmlns="http://www.w3.org/1999/xhtml">Data on patient's Father</div>
      </text>
      <subject>
         <reference value="Patient/7777702"/>
      </subject>
      <relation>
        <relationship>
          <coding>
            <system value="http://hl7.org/fhir/v3/RoleCode"/>
            <code value="FTH"/>
            <display value="father"/>
          </coding>
        </relationship>
      </relation>
    </FamilyHistory>
  
  </content>
</entry>
  <entry xmlns="http://www.w3.org/2005/Atom">
  <title>SMART Patient-level resource</title>
  <id>FamilyHistory/10</id>
  <updated>2015-07-07T20:00:50.854000</updated>
  <published>2015-07-07T20:00:50.854000</published>
  <author>
    <name>https://github.com/smart-on-fhir/sample-patients</name>
  </author>
  <content type="text/xml">
    
    <FamilyHistory xmlns="http://hl7.org/fhir">
      <extension url="http://fhir-registry.smarthealthit.org/Profile/family-history#height">
        <valueQuantity>
          <value value="164.5"/>
          <units value="centimeters"/>
          <system value="http://unitsofmeasure.org"/>
          <code value="cm"/>
        </valueQuantity>
      </extension>
      
      <text>
        <status value="generated"/>
        <div xmlns="http://www.w3.org/1999/xhtml">Data on patient's Mother</div>
      </text>
      <subject>
         <reference value="Patient/7777702"/>
      </subject>
      <relation>
        <relationship>
          <coding>
            <system value="http://hl7.org/fhir/v3/RoleCode"/>
            <code value="MTH"/>
            <display value="mother"/>
          </coding>
        </relationship>
      </relation>
    </FamilyHistory>
  
  </content>
</entry>

</feed>
