<?xml version="1.0" encoding="UTF-8"?>
<feed xmlns="http://www.w3.org/2005/Atom">
  <title>SMART patient bundle for transactional posting</title>
  <id>urn:uuid:54</id>
  <updated>2015-07-07T20:00:55.625000</updated>

  <entry xmlns="http://www.w3.org/2005/Atom">
  <title>SMART Patient-level resource</title>
  <id>Patient/4444001</id>
  <updated>2015-07-07T20:00:55.625000</updated>
  <published>2015-07-07T20:00:55.625000</published>
  <author>
    <name>https://github.com/smart-on-fhir/sample-patients</name>
  </author>
  <content type="text/xml">
    
  <Patient xmlns="http://hl7.org/fhir">
    <text>
      <status value="generated"/>
      <div xmlns="http://www.w3.org/1999/xhtml">
        <p>Christopher Sherman</p>
      </div>
    </text>
    <identifier>
      <use value="usual"/>
      <label value="SMART Hospital MRN"/>
      <system value="urn:oid:0.1.2.3.4.5.6.7"/>
      <value value="4444001"/>
    </identifier>
    <name>
      <use value="official"/>
      <family value="Sherman"/>
      <given value="Christopher"/>
      <given value="T."/>
    </name>
    <telecom>
      <system value="email"/>
      <value value="ChristopherTSherman@example.com"/>
    </telecom>
    <gender>
      <coding>
        <system value="http://hl7.org/fhir/v3/AdministrativeGender"/>
        <code value="M"/>
        <display value="Male"/>
      </coding>
    </gender>
    <birthDate value="1932-06-15" />
    <active value="true"/>
  </Patient>
  
  </content>
</entry>
<entry xmlns="http://www.w3.org/2005/Atom">
  <title>SMART Patient-level resource</title>
  <id>MedicationPrescription/357</id>
  <updated>2015-07-07T20:00:55.625000</updated>
  <published>2015-07-07T20:00:55.625000</published>
  <author>
    <name>https://github.com/smart-on-fhir/sample-patients</name>
  </author>
  <content type="text/xml">
    
<MedicationPrescription xmlns="http://hl7.org/fhir">
  <text>
    <status value="generated"/>
    <div xmlns="http://www.w3.org/1999/xhtml">
      Acetaminophen 325 MG [Tylenol] (rxnorm: 569998)
    </div>
  </text>

  <contained>
    <Medication id="med">
      <name value="Acetaminophen 325 MG [Tylenol]"/>
      <code>
	<coding>
	<system value="http://www.nlm.nih.gov/research/umls/rxnorm"/>
	  <code value="569998"/>
	  <display value="Acetaminophen 325 MG [Tylenol]"/>
	</coding>
      </code>
    </Medication>
  </contained>

  <status value="active" />
  <patient>
    <reference value="Patient/4444001"/>
  </patient>

  <medication>
    <reference value="#med"/>
  </medication>

  <dosageInstruction>
    <timingSchedule>
      <event>
        <start value="2014-06-21"/>
      </event>
      <repeat>
        <frequency value="6"/>
        <duration value="1"/>
        <units value="d"/>
      </repeat>
      
    </timingSchedule>
    <doseQuantity>
      <value value="1"/>
      <units value="{tablet}"/>
      <system value="http://unitsofmeasure.org"/>
      <code value="{tablet}"/>
    </doseQuantity>
    
    <asNeededBoolean value="true"/>
    
    <text value="1 tab q4h prn"/>
  </dosageInstruction>
</MedicationPrescription>

  </content>
</entry>
<entry xmlns="http://www.w3.org/2005/Atom">
  <title>SMART Patient-level resource</title>
  <id>MedicationPrescription/358</id>
  <updated>2015-07-07T20:00:55.625000</updated>
  <published>2015-07-07T20:00:55.625000</published>
  <author>
    <name>https://github.com/smart-on-fhir/sample-patients</name>
  </author>
  <content type="text/xml">
    
<MedicationPrescription xmlns="http://hl7.org/fhir">
  <text>
    <status value="generated"/>
    <div xmlns="http://www.w3.org/1999/xhtml">
      Aspirin 81 MG [Ecotrin] (rxnorm: 1189780)
    </div>
  </text>

  <contained>
    <Medication id="med">
      <name value="Aspirin 81 MG [Ecotrin]"/>
      <code>
	<coding>
	<system value="http://www.nlm.nih.gov/research/umls/rxnorm"/>
	  <code value="1189780"/>
	  <display value="Aspirin 81 MG [Ecotrin]"/>
	</coding>
      </code>
    </Medication>
  </contained>

  <status value="active" />
  <patient>
    <reference value="Patient/4444001"/>
  </patient>

  <medication>
    <reference value="#med"/>
  </medication>

  <dosageInstruction>
    <timingSchedule>
      <event>
        <start value="2014-06-21"/>
      </event>
      <repeat>
        <frequency value="1"/>
        <duration value="1"/>
        <units value="d"/>
      </repeat>
      
    </timingSchedule>
    <doseQuantity>
      <value value="1"/>
      <units value="{tablet}"/>
      <system value="http://unitsofmeasure.org"/>
      <code value="{tablet}"/>
    </doseQuantity>
    
    <text value="1 tab qd"/>
  </dosageInstruction>
</MedicationPrescription>

  </content>
</entry>
<entry xmlns="http://www.w3.org/2005/Atom">
  <title>SMART Patient-level resource</title>
  <id>MedicationPrescription/359</id>
  <updated>2015-07-07T20:00:55.625000</updated>
  <published>2015-07-07T20:00:55.625000</published>
  <author>
    <name>https://github.com/smart-on-fhir/sample-patients</name>
  </author>
  <content type="text/xml">
    
<MedicationPrescription xmlns="http://hl7.org/fhir">
  <text>
    <status value="generated"/>
    <div xmlns="http://www.w3.org/1999/xhtml">
      Diclofenac Sodium 0.01 MG/MG Topical Gel [Voltaren] (rxnorm: 855635)
    </div>
  </text>

  <contained>
    <Medication id="med">
      <name value="Diclofenac Sodium 0.01 MG/MG Topical Gel [Voltaren]"/>
      <code>
	<coding>
	<system value="http://www.nlm.nih.gov/research/umls/rxnorm"/>
	  <code value="855635"/>
	  <display value="Diclofenac Sodium 0.01 MG/MG Topical Gel [Voltaren]"/>
	</coding>
      </code>
    </Medication>
  </contained>

  <status value="completed" />
  <patient>
    <reference value="Patient/4444001"/>
  </patient>

  <medication>
    <reference value="#med"/>
  </medication>

  <dosageInstruction>
    <timingSchedule>
      <event>
        <start value="2015-01-27"/>
        <end value="2016-01-27"/>
        
      </event>
      <repeat>
        <frequency value="2"/>
        <duration value="1"/>
        <units value="d"/>
      </repeat>
      
    </timingSchedule>
    <text value="bid"/>
  </dosageInstruction>
</MedicationPrescription>

  </content>
</entry>
<entry xmlns="http://www.w3.org/2005/Atom">
  <title>SMART Patient-level resource</title>
  <id>MedicationPrescription/360</id>
  <updated>2015-07-07T20:00:55.625000</updated>
  <published>2015-07-07T20:00:55.625000</published>
  <author>
    <name>https://github.com/smart-on-fhir/sample-patients</name>
  </author>
  <content type="text/xml">
    
<MedicationPrescription xmlns="http://hl7.org/fhir">
  <text>
    <status value="generated"/>
    <div xmlns="http://www.w3.org/1999/xhtml">
      ferrous sulfate 325 MG [Feosol] (rxnorm: 635969)
    </div>
  </text>

  <contained>
    <Medication id="med">
      <name value="ferrous sulfate 325 MG [Feosol]"/>
      <code>
	<coding>
	<system value="http://www.nlm.nih.gov/research/umls/rxnorm"/>
	  <code value="635969"/>
	  <display value="ferrous sulfate 325 MG [Feosol]"/>
	</coding>
      </code>
    </Medication>
  </contained>

  <status value="active" />
  <patient>
    <reference value="Patient/4444001"/>
  </patient>

  <medication>
    <reference value="#med"/>
  </medication>

  <dosageInstruction>
    <timingSchedule>
      <event>
        <start value="2012-04-13"/>
      </event>
      <repeat>
        <frequency value="3"/>
        <duration value="1"/>
        <units value="d"/>
      </repeat>
      
    </timingSchedule>
    <doseQuantity>
      <value value="1"/>
      <units value="{tablet}"/>
      <system value="http://unitsofmeasure.org"/>
      <code value="{tablet}"/>
    </doseQuantity>
    
    <text value="1 tab tid"/>
  </dosageInstruction>
</MedicationPrescription>

  </content>
</entry>
<entry xmlns="http://www.w3.org/2005/Atom">
  <title>SMART Patient-level resource</title>
  <id>MedicationPrescription/361</id>
  <updated>2015-07-07T20:00:55.625000</updated>
  <published>2015-07-07T20:00:55.625000</published>
  <author>
    <name>https://github.com/smart-on-fhir/sample-patients</name>
  </author>
  <content type="text/xml">
    
<MedicationPrescription xmlns="http://hl7.org/fhir">
  <text>
    <status value="generated"/>
    <div xmlns="http://www.w3.org/1999/xhtml">
      Lisinopril 5 MG [Prinivil] (rxnorm: 567575)
    </div>
  </text>

  <contained>
    <Medication id="med">
      <name value="Lisinopril 5 MG [Prinivil]"/>
      <code>
	<coding>
	<system value="http://www.nlm.nih.gov/research/umls/rxnorm"/>
	  <code value="567575"/>
	  <display value="Lisinopril 5 MG [Prinivil]"/>
	</coding>
      </code>
    </Medication>
  </contained>

  <status value="active" />
  <patient>
    <reference value="Patient/4444001"/>
  </patient>

  <medication>
    <reference value="#med"/>
  </medication>

  <dosageInstruction>
    <timingSchedule>
      <event>
        <start value="2015-02-07"/>
      </event>
      <repeat>
        <frequency value="1"/>
        <duration value="1"/>
        <units value="d"/>
      </repeat>
      
    </timingSchedule>
    <doseQuantity>
      <value value="1"/>
      <units value="{tablet}"/>
      <system value="http://unitsofmeasure.org"/>
      <code value="{tablet}"/>
    </doseQuantity>
    
    <text value="1 tab qd"/>
  </dosageInstruction>
</MedicationPrescription>

  </content>
</entry>
<entry xmlns="http://www.w3.org/2005/Atom">
  <title>SMART Patient-level resource</title>
  <id>MedicationPrescription/362</id>
  <updated>2015-07-07T20:00:55.625000</updated>
  <published>2015-07-07T20:00:55.625000</published>
  <author>
    <name>https://github.com/smart-on-fhir/sample-patients</name>
  </author>
  <content type="text/xml">
    
<MedicationPrescription xmlns="http://hl7.org/fhir">
  <text>
    <status value="generated"/>
    <div xmlns="http://www.w3.org/1999/xhtml">
      Metformin hydrochloride 500 MG [Glucophage] (rxnorm: 860976)
    </div>
  </text>

  <contained>
    <Medication id="med">
      <name value="Metformin hydrochloride 500 MG [Glucophage]"/>
      <code>
	<coding>
	<system value="http://www.nlm.nih.gov/research/umls/rxnorm"/>
	  <code value="860976"/>
	  <display value="Metformin hydrochloride 500 MG [Glucophage]"/>
	</coding>
      </code>
    </Medication>
  </contained>

  <status value="active" />
  <patient>
    <reference value="Patient/4444001"/>
  </patient>

  <medication>
    <reference value="#med"/>
  </medication>

  <dosageInstruction>
    <timingSchedule>
      <event>
        <start value="2015-01-27"/>
      </event>
      <repeat>
        <frequency value="2"/>
        <duration value="1"/>
        <units value="d"/>
      </repeat>
      
    </timingSchedule>
    <doseQuantity>
      <value value="1"/>
      <units value="{tablet}"/>
      <system value="http://unitsofmeasure.org"/>
      <code value="{tablet}"/>
    </doseQuantity>
    
    <text value="1 tab bid wf"/>
  </dosageInstruction>
</MedicationPrescription>

  </content>
</entry>
<entry xmlns="http://www.w3.org/2005/Atom">
  <title>SMART Patient-level resource</title>
  <id>MedicationPrescription/363</id>
  <updated>2015-07-07T20:00:55.625000</updated>
  <published>2015-07-07T20:00:55.625000</published>
  <author>
    <name>https://github.com/smart-on-fhir/sample-patients</name>
  </author>
  <content type="text/xml">
    
<MedicationPrescription xmlns="http://hl7.org/fhir">
  <text>
    <status value="generated"/>
    <div xmlns="http://www.w3.org/1999/xhtml">
      metoprolol succinate 25 MG [Toprol] (rxnorm: 1370507)
    </div>
  </text>

  <contained>
    <Medication id="med">
      <name value="metoprolol succinate 25 MG [Toprol]"/>
      <code>
	<coding>
	<system value="http://www.nlm.nih.gov/research/umls/rxnorm"/>
	  <code value="1370507"/>
	  <display value="metoprolol succinate 25 MG [Toprol]"/>
	</coding>
      </code>
    </Medication>
  </contained>

  <status value="completed" />
  <patient>
    <reference value="Patient/4444001"/>
  </patient>

  <medication>
    <reference value="#med"/>
  </medication>

  <dosageInstruction>
    <timingSchedule>
      <event>
        <start value="2014-08-18"/>
        <end value="2015-08-18"/>
        
      </event>
      <repeat>
        <frequency value="1"/>
        <duration value="1"/>
        <units value="d"/>
      </repeat>
      
    </timingSchedule>
    <doseQuantity>
      <value value="1"/>
      <units value="{tablet}"/>
      <system value="http://unitsofmeasure.org"/>
      <code value="{tablet}"/>
    </doseQuantity>
    
    <text value="1 tab qd"/>
  </dosageInstruction>
</MedicationPrescription>

  </content>
</entry>

</feed>
