<?xml version="1.0" encoding="UTF-8"?>
<feed xmlns="http://www.w3.org/2005/Atom">
  <title>SMART patient bundle for transactional posting</title>
  <id>urn:uuid:9</id>
  <updated>2015-07-07T20:00:48.416000</updated>

  <entry xmlns="http://www.w3.org/2005/Atom">
  <title>SMART Patient-level resource</title>
  <id>Patient/1614502</id>
  <updated>2015-07-07T20:00:48.416000</updated>
  <published>2015-07-07T20:00:48.416000</published>
  <author>
    <name>https://github.com/smart-on-fhir/sample-patients</name>
  </author>
  <content type="text/xml">
    
  <Patient xmlns="http://hl7.org/fhir">
    <text>
      <status value="generated"/>
      <div xmlns="http://www.w3.org/1999/xhtml">
        <p>Susan Williams</p>
      </div>
    </text>
    <identifier>
      <use value="usual"/>
      <label value="SMART Hospital MRN"/>
      <system value="urn:oid:0.1.2.3.4.5.6.7"/>
      <value value="1614502"/>
    </identifier>
    <name>
      <use value="official"/>
      <family value="Williams"/>
      <given value="Susan"/>
      <given value="N."/>
    </name>
    <telecom>
      <system value="phone"/>
      <value value="800-651-2242"/>
      <use value="home"/>
    </telecom>
    <telecom>
      <system value="phone"/>
      <value value="800-471-8810"/>
      <use value="mobile"/>
    </telecom>
    <telecom>
      <system value="email"/>
      <value value="susan.williams@example.com"/>
    </telecom>
    <gender>
      <coding>
        <system value="http://hl7.org/fhir/v3/AdministrativeGender"/>
        <code value="F"/>
        <display value="Female"/>
      </coding>
    </gender>
    <birthDate value="2006-11-22" />
    <address>
      <use value="home"/>
      <line value="27 South Ave"/>
      <city value="Tulsa"/>
      <state value="OK"/>
      <zip value="74126"/>
      <country value="USA"/>
    </address>
    <active value="true"/>
  </Patient>
  
  </content>
</entry>
<entry xmlns="http://www.w3.org/2005/Atom">
  <title>SMART Patient-level resource</title>
  <id>MedicationPrescription/172</id>
  <updated>2015-07-07T20:00:48.416000</updated>
  <published>2015-07-07T20:00:48.416000</published>
  <author>
    <name>https://github.com/smart-on-fhir/sample-patients</name>
  </author>
  <content type="text/xml">
    
<MedicationPrescription xmlns="http://hl7.org/fhir">
  <text>
    <status value="generated"/>
    <div xmlns="http://www.w3.org/1999/xhtml">
      Amoxicillin 40 MG/ML Oral Suspension (rxnorm: 313850)
    </div>
  </text>

  <contained>
    <Medication id="med">
      <name value="Amoxicillin 40 MG/ML Oral Suspension"/>
      <code>
	<coding>
	<system value="http://www.nlm.nih.gov/research/umls/rxnorm"/>
	  <code value="313850"/>
	  <display value="Amoxicillin 40 MG/ML Oral Suspension"/>
	</coding>
      </code>
    </Medication>
  </contained>

  <status value="active" />
  <patient>
    <reference value="Patient/1614502"/>
  </patient>

  <medication>
    <reference value="#med"/>
  </medication>

  <dosageInstruction>
    <timingSchedule>
      <event>
        <start value="2007-09-14"/>
      </event>
      <repeat>
        <frequency value="2"/>
        <duration value="1"/>
        <units value="d"/>
      </repeat>
      
    </timingSchedule>
    <doseQuantity>
      <value value="15"/>
      <units value="mL"/>
      <system value="http://unitsofmeasure.org"/>
      <code value="mL"/>
    </doseQuantity>
    
    <text value="15 mL bid x 10 days"/>
  </dosageInstruction>
  <dispense>
     <numberOfRepeatsAllowed value="1"/>
     <quantity>
        <value value="1"/>
        <units value="mL"/>
        <system value="http://unitsofmeasure.org"/>
        <code value="mL"/>
     </quantity>
     <expectedSupplyDuration>
        <value value="10"/>
        <units value="days"/>
        <system value="http://unitsofmeasure.org"/>
        <code value="d"/>
     </expectedSupplyDuration>
  </dispense>
  
</MedicationPrescription>

  </content>
</entry>
<entry xmlns="http://www.w3.org/2005/Atom">
  <title>SMART Patient-level resource</title>
  <id>MedicationDispense/101</id>
  <updated>2015-07-07T20:00:48.416000</updated>
  <published>2015-07-07T20:00:48.416000</published>
  <author>
    <name>https://github.com/smart-on-fhir/sample-patients</name>
  </author>
  <content type="text/xml">
    
<MedicationDispense xmlns="http://hl7.org/fhir">
  <!--  insert contents here  -->
   <text>
    <status value="generated"/>
    <div xmlns="http://www.w3.org/1999/xhtml">
      Dispensed 200 tablets = 10 day supply of Amoxicillin 40 MG/ML Oral Suspension
    </div>
  </text>  

  <contained>
    <Medication id="med">
      <name value="Amoxicillin 40 MG/ML Oral Suspension"/>
      <code>
	<coding>
	<system value="http://www.nlm.nih.gov/research/umls/rxnorm"/>
	  <code value="313850"/>
	  <display value="Amoxicillin 40 MG/ML Oral Suspension"/>
	</coding>
      </code>
    </Medication>
  </contained>

  <patient>
    <reference value="Patient/1614502"/>
  </patient>

  <authorizingPrescription>
    <reference value="MedicationPrescription/172"/>
  </authorizingPrescription>

  <dispense>
    <extension url="http://fhir-registry.smarthealthit.org/Profile/dispense#days-supply">
       <valueQuantity>
         <value value="10" />
         <units value="days" />
         <system value="http://unitsofmeasure.org" />
         <code value="d" />
       </valueQuantity>
    </extension>
    <status value="completed"/>  
    <quantity>
      <value value="200"/>
      <units value="tablets"/>
      <system value="http://unitsofmeasure.org"/>
      <code value="{tablets}"/>
    </quantity>
    <medication>
      <reference value="#med"/>
    </medication>
    <whenHandedOver value="2007-09-14"/>
  </dispense>
</MedicationDispense>

  </content>
</entry>
<entry xmlns="http://www.w3.org/2005/Atom">
  <title>SMART Patient-level resource</title>
  <id>MedicationPrescription/173</id>
  <updated>2015-07-07T20:00:48.416000</updated>
  <published>2015-07-07T20:00:48.416000</published>
  <author>
    <name>https://github.com/smart-on-fhir/sample-patients</name>
  </author>
  <content type="text/xml">
    
<MedicationPrescription xmlns="http://hl7.org/fhir">
  <text>
    <status value="generated"/>
    <div xmlns="http://www.w3.org/1999/xhtml">
      Clotrimazole 10 MG/ML Topical Cream (rxnorm: 309367)
    </div>
  </text>

  <contained>
    <Medication id="med">
      <name value="Clotrimazole 10 MG/ML Topical Cream"/>
      <code>
	<coding>
	<system value="http://www.nlm.nih.gov/research/umls/rxnorm"/>
	  <code value="309367"/>
	  <display value="Clotrimazole 10 MG/ML Topical Cream"/>
	</coding>
      </code>
    </Medication>
  </contained>

  <status value="active" />
  <patient>
    <reference value="Patient/1614502"/>
  </patient>

  <medication>
    <reference value="#med"/>
  </medication>

  <dosageInstruction>
    <timingSchedule>
      <event>
        <start value="2007-10-28"/>
      </event>
      <repeat>
        <frequency value="2"/>
        <duration value="1"/>
        <units value="d"/>
      </repeat>
      
    </timingSchedule>
    <text value="apply bid to affected area"/>
  </dosageInstruction>
  <dispense>
     <numberOfRepeatsAllowed value="1"/>
     <quantity>
        <value value="1"/>
        <units value=""/>
        <system value="http://unitsofmeasure.org"/>
        <code value=""/>
     </quantity>
     <expectedSupplyDuration>
        <value value="30"/>
        <units value="days"/>
        <system value="http://unitsofmeasure.org"/>
        <code value="d"/>
     </expectedSupplyDuration>
  </dispense>
  
</MedicationPrescription>

  </content>
</entry>
<entry xmlns="http://www.w3.org/2005/Atom">
  <title>SMART Patient-level resource</title>
  <id>MedicationDispense/100</id>
  <updated>2015-07-07T20:00:48.416000</updated>
  <published>2015-07-07T20:00:48.416000</published>
  <author>
    <name>https://github.com/smart-on-fhir/sample-patients</name>
  </author>
  <content type="text/xml">
    
<MedicationDispense xmlns="http://hl7.org/fhir">
  <!--  insert contents here  -->
   <text>
    <status value="generated"/>
    <div xmlns="http://www.w3.org/1999/xhtml">
      Dispensed 30 tablets = 7 day supply of Clotrimazole 10 MG/ML Topical Cream
    </div>
  </text>  

  <contained>
    <Medication id="med">
      <name value="Clotrimazole 10 MG/ML Topical Cream"/>
      <code>
	<coding>
	<system value="http://www.nlm.nih.gov/research/umls/rxnorm"/>
	  <code value="309367"/>
	  <display value="Clotrimazole 10 MG/ML Topical Cream"/>
	</coding>
      </code>
    </Medication>
  </contained>

  <patient>
    <reference value="Patient/1614502"/>
  </patient>

  <authorizingPrescription>
    <reference value="MedicationPrescription/173"/>
  </authorizingPrescription>

  <dispense>
    <extension url="http://fhir-registry.smarthealthit.org/Profile/dispense#days-supply">
       <valueQuantity>
         <value value="7" />
         <units value="days" />
         <system value="http://unitsofmeasure.org" />
         <code value="d" />
       </valueQuantity>
    </extension>
    <status value="completed"/>  
    <quantity>
      <value value="30"/>
      <units value="tablets"/>
      <system value="http://unitsofmeasure.org"/>
      <code value="{tablets}"/>
    </quantity>
    <medication>
      <reference value="#med"/>
    </medication>
    <whenHandedOver value="2008-04-03"/>
  </dispense>
</MedicationDispense>

  </content>
</entry>
<entry xmlns="http://www.w3.org/2005/Atom">
  <title>SMART Patient-level resource</title>
  <id>MedicationDispense/98</id>
  <updated>2015-07-07T20:00:48.416000</updated>
  <published>2015-07-07T20:00:48.416000</published>
  <author>
    <name>https://github.com/smart-on-fhir/sample-patients</name>
  </author>
  <content type="text/xml">
    
<MedicationDispense xmlns="http://hl7.org/fhir">
  <!--  insert contents here  -->
   <text>
    <status value="generated"/>
    <div xmlns="http://www.w3.org/1999/xhtml">
      Dispensed 30 tablets = 10 day supply of Clotrimazole 10 MG/ML Topical Cream
    </div>
  </text>  

  <contained>
    <Medication id="med">
      <name value="Clotrimazole 10 MG/ML Topical Cream"/>
      <code>
	<coding>
	<system value="http://www.nlm.nih.gov/research/umls/rxnorm"/>
	  <code value="309367"/>
	  <display value="Clotrimazole 10 MG/ML Topical Cream"/>
	</coding>
      </code>
    </Medication>
  </contained>

  <patient>
    <reference value="Patient/1614502"/>
  </patient>

  <authorizingPrescription>
    <reference value="MedicationPrescription/173"/>
  </authorizingPrescription>

  <dispense>
    <extension url="http://fhir-registry.smarthealthit.org/Profile/dispense#days-supply">
       <valueQuantity>
         <value value="10" />
         <units value="days" />
         <system value="http://unitsofmeasure.org" />
         <code value="d" />
       </valueQuantity>
    </extension>
    <status value="completed"/>  
    <quantity>
      <value value="30"/>
      <units value="tablets"/>
      <system value="http://unitsofmeasure.org"/>
      <code value="{tablets}"/>
    </quantity>
    <medication>
      <reference value="#med"/>
    </medication>
    <whenHandedOver value="2007-10-28"/>
  </dispense>
</MedicationDispense>

  </content>
</entry>
<entry xmlns="http://www.w3.org/2005/Atom">
  <title>SMART Patient-level resource</title>
  <id>MedicationPrescription/174</id>
  <updated>2015-07-07T20:00:48.416000</updated>
  <published>2015-07-07T20:00:48.416000</published>
  <author>
    <name>https://github.com/smart-on-fhir/sample-patients</name>
  </author>
  <content type="text/xml">
    
<MedicationPrescription xmlns="http://hl7.org/fhir">
  <text>
    <status value="generated"/>
    <div xmlns="http://www.w3.org/1999/xhtml">
      Amoxicillin 25 MG/ML Oral Suspension (rxnorm: 313797)
    </div>
  </text>

  <contained>
    <Medication id="med">
      <name value="Amoxicillin 25 MG/ML Oral Suspension"/>
      <code>
	<coding>
	<system value="http://www.nlm.nih.gov/research/umls/rxnorm"/>
	  <code value="313797"/>
	  <display value="Amoxicillin 25 MG/ML Oral Suspension"/>
	</coding>
      </code>
    </Medication>
  </contained>

  <status value="active" />
  <patient>
    <reference value="Patient/1614502"/>
  </patient>

  <medication>
    <reference value="#med"/>
  </medication>

  <dosageInstruction>
    <timingSchedule>
      <event>
        <start value="2007-10-28"/>
      </event>
      <repeat>
        <frequency value="2"/>
        <duration value="1"/>
        <units value="d"/>
      </repeat>
      
    </timingSchedule>
    <doseQuantity>
      <value value="10"/>
      <units value="mL"/>
      <system value="http://unitsofmeasure.org"/>
      <code value="mL"/>
    </doseQuantity>
    
    <text value="10 mL bid x 10 days"/>
  </dosageInstruction>
  <dispense>
     <numberOfRepeatsAllowed value="1"/>
     <quantity>
        <value value="1"/>
        <units value="mL"/>
        <system value="http://unitsofmeasure.org"/>
        <code value="mL"/>
     </quantity>
     <expectedSupplyDuration>
        <value value="10"/>
        <units value="days"/>
        <system value="http://unitsofmeasure.org"/>
        <code value="d"/>
     </expectedSupplyDuration>
  </dispense>
  
</MedicationPrescription>

  </content>
</entry>
<entry xmlns="http://www.w3.org/2005/Atom">
  <title>SMART Patient-level resource</title>
  <id>MedicationDispense/94</id>
  <updated>2015-07-07T20:00:48.416000</updated>
  <published>2015-07-07T20:00:48.416000</published>
  <author>
    <name>https://github.com/smart-on-fhir/sample-patients</name>
  </author>
  <content type="text/xml">
    
<MedicationDispense xmlns="http://hl7.org/fhir">
  <!--  insert contents here  -->
   <text>
    <status value="generated"/>
    <div xmlns="http://www.w3.org/1999/xhtml">
      Dispensed 150 tablets = 10 day supply of Amoxicillin 25 MG/ML Oral Suspension
    </div>
  </text>  

  <contained>
    <Medication id="med">
      <name value="Amoxicillin 25 MG/ML Oral Suspension"/>
      <code>
	<coding>
	<system value="http://www.nlm.nih.gov/research/umls/rxnorm"/>
	  <code value="313797"/>
	  <display value="Amoxicillin 25 MG/ML Oral Suspension"/>
	</coding>
      </code>
    </Medication>
  </contained>

  <patient>
    <reference value="Patient/1614502"/>
  </patient>

  <authorizingPrescription>
    <reference value="MedicationPrescription/174"/>
  </authorizingPrescription>

  <dispense>
    <extension url="http://fhir-registry.smarthealthit.org/Profile/dispense#days-supply">
       <valueQuantity>
         <value value="10" />
         <units value="days" />
         <system value="http://unitsofmeasure.org" />
         <code value="d" />
       </valueQuantity>
    </extension>
    <status value="completed"/>  
    <quantity>
      <value value="150"/>
      <units value="tablets"/>
      <system value="http://unitsofmeasure.org"/>
      <code value="{tablets}"/>
    </quantity>
    <medication>
      <reference value="#med"/>
    </medication>
    <whenHandedOver value="2007-10-28"/>
  </dispense>
</MedicationDispense>

  </content>
</entry>
<entry xmlns="http://www.w3.org/2005/Atom">
  <title>SMART Patient-level resource</title>
  <id>MedicationPrescription/175</id>
  <updated>2015-07-07T20:00:48.416000</updated>
  <published>2015-07-07T20:00:48.416000</published>
  <author>
    <name>https://github.com/smart-on-fhir/sample-patients</name>
  </author>
  <content type="text/xml">
    
<MedicationPrescription xmlns="http://hl7.org/fhir">
  <text>
    <status value="generated"/>
    <div xmlns="http://www.w3.org/1999/xhtml">
      cefdinir 25 MG/ML Oral Suspension (rxnorm: 309054)
    </div>
  </text>

  <contained>
    <Medication id="med">
      <name value="cefdinir 25 MG/ML Oral Suspension"/>
      <code>
	<coding>
	<system value="http://www.nlm.nih.gov/research/umls/rxnorm"/>
	  <code value="309054"/>
	  <display value="cefdinir 25 MG/ML Oral Suspension"/>
	</coding>
      </code>
    </Medication>
  </contained>

  <status value="active" />
  <patient>
    <reference value="Patient/1614502"/>
  </patient>

  <medication>
    <reference value="#med"/>
  </medication>

  <dosageInstruction>
    <timingSchedule>
      <event>
        <start value="2007-12-02"/>
      </event>
      <repeat>
        <frequency value="2"/>
        <duration value="1"/>
        <units value="d"/>
      </repeat>
      
    </timingSchedule>
    <doseQuantity>
      <value value="7"/>
      <units value="mL"/>
      <system value="http://unitsofmeasure.org"/>
      <code value="mL"/>
    </doseQuantity>
    
    <text value="7 mL bid x 10 days"/>
  </dosageInstruction>
  <dispense>
     <numberOfRepeatsAllowed value="1"/>
     <quantity>
        <value value="1"/>
        <units value="mL"/>
        <system value="http://unitsofmeasure.org"/>
        <code value="mL"/>
     </quantity>
     <expectedSupplyDuration>
        <value value="10"/>
        <units value="days"/>
        <system value="http://unitsofmeasure.org"/>
        <code value="d"/>
     </expectedSupplyDuration>
  </dispense>
  
</MedicationPrescription>

  </content>
</entry>
<entry xmlns="http://www.w3.org/2005/Atom">
  <title>SMART Patient-level resource</title>
  <id>MedicationDispense/109</id>
  <updated>2015-07-07T20:00:48.416000</updated>
  <published>2015-07-07T20:00:48.416000</published>
  <author>
    <name>https://github.com/smart-on-fhir/sample-patients</name>
  </author>
  <content type="text/xml">
    
<MedicationDispense xmlns="http://hl7.org/fhir">
  <!--  insert contents here  -->
   <text>
    <status value="generated"/>
    <div xmlns="http://www.w3.org/1999/xhtml">
      Dispensed 60 tablets = 10 day supply of cefdinir 25 MG/ML Oral Suspension
    </div>
  </text>  

  <contained>
    <Medication id="med">
      <name value="cefdinir 25 MG/ML Oral Suspension"/>
      <code>
	<coding>
	<system value="http://www.nlm.nih.gov/research/umls/rxnorm"/>
	  <code value="309054"/>
	  <display value="cefdinir 25 MG/ML Oral Suspension"/>
	</coding>
      </code>
    </Medication>
  </contained>

  <patient>
    <reference value="Patient/1614502"/>
  </patient>

  <authorizingPrescription>
    <reference value="MedicationPrescription/175"/>
  </authorizingPrescription>

  <dispense>
    <extension url="http://fhir-registry.smarthealthit.org/Profile/dispense#days-supply">
       <valueQuantity>
         <value value="10" />
         <units value="days" />
         <system value="http://unitsofmeasure.org" />
         <code value="d" />
       </valueQuantity>
    </extension>
    <status value="completed"/>  
    <quantity>
      <value value="60"/>
      <units value="tablets"/>
      <system value="http://unitsofmeasure.org"/>
      <code value="{tablets}"/>
    </quantity>
    <medication>
      <reference value="#med"/>
    </medication>
    <whenHandedOver value="2007-12-02"/>
  </dispense>
</MedicationDispense>

  </content>
</entry>
<entry xmlns="http://www.w3.org/2005/Atom">
  <title>SMART Patient-level resource</title>
  <id>MedicationPrescription/176</id>
  <updated>2015-07-07T20:00:48.416000</updated>
  <published>2015-07-07T20:00:48.416000</published>
  <author>
    <name>https://github.com/smart-on-fhir/sample-patients</name>
  </author>
  <content type="text/xml">
    
<MedicationPrescription xmlns="http://hl7.org/fhir">
  <text>
    <status value="generated"/>
    <div xmlns="http://www.w3.org/1999/xhtml">
      Ibuprofen 20 MG/ML Oral Suspension (rxnorm: 197803)
    </div>
  </text>

  <contained>
    <Medication id="med">
      <name value="Ibuprofen 20 MG/ML Oral Suspension"/>
      <code>
	<coding>
	<system value="http://www.nlm.nih.gov/research/umls/rxnorm"/>
	  <code value="197803"/>
	  <display value="Ibuprofen 20 MG/ML Oral Suspension"/>
	</coding>
      </code>
    </Medication>
  </contained>

  <status value="active" />
  <patient>
    <reference value="Patient/1614502"/>
  </patient>

  <medication>
    <reference value="#med"/>
  </medication>

  <dosageInstruction>
    <timingSchedule>
      <event>
        <start value="2008-04-03"/>
      </event>
      <repeat>
        <frequency value="4"/>
        <duration value="1"/>
        <units value="d"/>
      </repeat>
      
    </timingSchedule>
    <doseQuantity>
      <value value="7"/>
      <units value="mL"/>
      <system value="http://unitsofmeasure.org"/>
      <code value="mL"/>
    </doseQuantity>
    
    <asNeededBoolean value="true"/>
    
    <text value="7 mL q6h prn"/>
  </dosageInstruction>
  <dispense>
     <numberOfRepeatsAllowed value="1"/>
     <quantity>
        <value value="1"/>
        <units value="mL"/>
        <system value="http://unitsofmeasure.org"/>
        <code value="mL"/>
     </quantity>
     <expectedSupplyDuration>
        <value value="30"/>
        <units value="days"/>
        <system value="http://unitsofmeasure.org"/>
        <code value="d"/>
     </expectedSupplyDuration>
  </dispense>
  
</MedicationPrescription>

  </content>
</entry>
<entry xmlns="http://www.w3.org/2005/Atom">
  <title>SMART Patient-level resource</title>
  <id>MedicationDispense/111</id>
  <updated>2015-07-07T20:00:48.416000</updated>
  <published>2015-07-07T20:00:48.416000</published>
  <author>
    <name>https://github.com/smart-on-fhir/sample-patients</name>
  </author>
  <content type="text/xml">
    
<MedicationDispense xmlns="http://hl7.org/fhir">
  <!--  insert contents here  -->
   <text>
    <status value="generated"/>
    <div xmlns="http://www.w3.org/1999/xhtml">
      Dispensed 120 tablets = 6 day supply of Ibuprofen 20 MG/ML Oral Suspension
    </div>
  </text>  

  <contained>
    <Medication id="med">
      <name value="Ibuprofen 20 MG/ML Oral Suspension"/>
      <code>
	<coding>
	<system value="http://www.nlm.nih.gov/research/umls/rxnorm"/>
	  <code value="197803"/>
	  <display value="Ibuprofen 20 MG/ML Oral Suspension"/>
	</coding>
      </code>
    </Medication>
  </contained>

  <patient>
    <reference value="Patient/1614502"/>
  </patient>

  <authorizingPrescription>
    <reference value="MedicationPrescription/176"/>
  </authorizingPrescription>

  <dispense>
    <extension url="http://fhir-registry.smarthealthit.org/Profile/dispense#days-supply">
       <valueQuantity>
         <value value="6" />
         <units value="days" />
         <system value="http://unitsofmeasure.org" />
         <code value="d" />
       </valueQuantity>
    </extension>
    <status value="completed"/>  
    <quantity>
      <value value="120"/>
      <units value="tablets"/>
      <system value="http://unitsofmeasure.org"/>
      <code value="{tablets}"/>
    </quantity>
    <medication>
      <reference value="#med"/>
    </medication>
    <whenHandedOver value="2008-04-03"/>
  </dispense>
</MedicationDispense>

  </content>
</entry>
<entry xmlns="http://www.w3.org/2005/Atom">
  <title>SMART Patient-level resource</title>
  <id>MedicationPrescription/177</id>
  <updated>2015-07-07T20:00:48.416000</updated>
  <published>2015-07-07T20:00:48.416000</published>
  <author>
    <name>https://github.com/smart-on-fhir/sample-patients</name>
  </author>
  <content type="text/xml">
    
<MedicationPrescription xmlns="http://hl7.org/fhir">
  <text>
    <status value="generated"/>
    <div xmlns="http://www.w3.org/1999/xhtml">
      Amoxicillin 80 MG/ML Oral Suspension (rxnorm: 308189)
    </div>
  </text>

  <contained>
    <Medication id="med">
      <name value="Amoxicillin 80 MG/ML Oral Suspension"/>
      <code>
	<coding>
	<system value="http://www.nlm.nih.gov/research/umls/rxnorm"/>
	  <code value="308189"/>
	  <display value="Amoxicillin 80 MG/ML Oral Suspension"/>
	</coding>
      </code>
    </Medication>
  </contained>

  <status value="active" />
  <patient>
    <reference value="Patient/1614502"/>
  </patient>

  <medication>
    <reference value="#med"/>
  </medication>

  <dosageInstruction>
    <timingSchedule>
      <event>
        <start value="2008-04-03"/>
      </event>
      <repeat>
        <frequency value="2"/>
        <duration value="1"/>
        <units value="d"/>
      </repeat>
      
    </timingSchedule>
    <doseQuantity>
      <value value="7"/>
      <units value="mL"/>
      <system value="http://unitsofmeasure.org"/>
      <code value="mL"/>
    </doseQuantity>
    
    <text value="7 mL bid x 10 days"/>
  </dosageInstruction>
  <dispense>
     <numberOfRepeatsAllowed value="1"/>
     <quantity>
        <value value="1"/>
        <units value="mL"/>
        <system value="http://unitsofmeasure.org"/>
        <code value="mL"/>
     </quantity>
     <expectedSupplyDuration>
        <value value="10"/>
        <units value="days"/>
        <system value="http://unitsofmeasure.org"/>
        <code value="d"/>
     </expectedSupplyDuration>
  </dispense>
  
</MedicationPrescription>

  </content>
</entry>
<entry xmlns="http://www.w3.org/2005/Atom">
  <title>SMART Patient-level resource</title>
  <id>MedicationDispense/107</id>
  <updated>2015-07-07T20:00:48.416000</updated>
  <published>2015-07-07T20:00:48.416000</published>
  <author>
    <name>https://github.com/smart-on-fhir/sample-patients</name>
  </author>
  <content type="text/xml">
    
<MedicationDispense xmlns="http://hl7.org/fhir">
  <!--  insert contents here  -->
   <text>
    <status value="generated"/>
    <div xmlns="http://www.w3.org/1999/xhtml">
      Dispensed 150 tablets = 10 day supply of Amoxicillin 80 MG/ML Oral Suspension
    </div>
  </text>  

  <contained>
    <Medication id="med">
      <name value="Amoxicillin 80 MG/ML Oral Suspension"/>
      <code>
	<coding>
	<system value="http://www.nlm.nih.gov/research/umls/rxnorm"/>
	  <code value="308189"/>
	  <display value="Amoxicillin 80 MG/ML Oral Suspension"/>
	</coding>
      </code>
    </Medication>
  </contained>

  <patient>
    <reference value="Patient/1614502"/>
  </patient>

  <authorizingPrescription>
    <reference value="MedicationPrescription/177"/>
  </authorizingPrescription>

  <dispense>
    <extension url="http://fhir-registry.smarthealthit.org/Profile/dispense#days-supply">
       <valueQuantity>
         <value value="10" />
         <units value="days" />
         <system value="http://unitsofmeasure.org" />
         <code value="d" />
       </valueQuantity>
    </extension>
    <status value="completed"/>  
    <quantity>
      <value value="150"/>
      <units value="tablets"/>
      <system value="http://unitsofmeasure.org"/>
      <code value="{tablets}"/>
    </quantity>
    <medication>
      <reference value="#med"/>
    </medication>
    <whenHandedOver value="2008-11-12"/>
  </dispense>
</MedicationDispense>

  </content>
</entry>
<entry xmlns="http://www.w3.org/2005/Atom">
  <title>SMART Patient-level resource</title>
  <id>MedicationDispense/105</id>
  <updated>2015-07-07T20:00:48.416000</updated>
  <published>2015-07-07T20:00:48.416000</published>
  <author>
    <name>https://github.com/smart-on-fhir/sample-patients</name>
  </author>
  <content type="text/xml">
    
<MedicationDispense xmlns="http://hl7.org/fhir">
  <!--  insert contents here  -->
   <text>
    <status value="generated"/>
    <div xmlns="http://www.w3.org/1999/xhtml">
      Dispensed 150 tablets = 10 day supply of Amoxicillin 80 MG/ML Oral Suspension
    </div>
  </text>  

  <contained>
    <Medication id="med">
      <name value="Amoxicillin 80 MG/ML Oral Suspension"/>
      <code>
	<coding>
	<system value="http://www.nlm.nih.gov/research/umls/rxnorm"/>
	  <code value="308189"/>
	  <display value="Amoxicillin 80 MG/ML Oral Suspension"/>
	</coding>
      </code>
    </Medication>
  </contained>

  <patient>
    <reference value="Patient/1614502"/>
  </patient>

  <authorizingPrescription>
    <reference value="MedicationPrescription/177"/>
  </authorizingPrescription>

  <dispense>
    <extension url="http://fhir-registry.smarthealthit.org/Profile/dispense#days-supply">
       <valueQuantity>
         <value value="10" />
         <units value="days" />
         <system value="http://unitsofmeasure.org" />
         <code value="d" />
       </valueQuantity>
    </extension>
    <status value="completed"/>  
    <quantity>
      <value value="150"/>
      <units value="tablets"/>
      <system value="http://unitsofmeasure.org"/>
      <code value="{tablets}"/>
    </quantity>
    <medication>
      <reference value="#med"/>
    </medication>
    <whenHandedOver value="2008-07-11"/>
  </dispense>
</MedicationDispense>

  </content>
</entry>
<entry xmlns="http://www.w3.org/2005/Atom">
  <title>SMART Patient-level resource</title>
  <id>MedicationDispense/103</id>
  <updated>2015-07-07T20:00:48.416000</updated>
  <published>2015-07-07T20:00:48.416000</published>
  <author>
    <name>https://github.com/smart-on-fhir/sample-patients</name>
  </author>
  <content type="text/xml">
    
<MedicationDispense xmlns="http://hl7.org/fhir">
  <!--  insert contents here  -->
   <text>
    <status value="generated"/>
    <div xmlns="http://www.w3.org/1999/xhtml">
      Dispensed 150 tablets = 10 day supply of Amoxicillin 80 MG/ML Oral Suspension
    </div>
  </text>  

  <contained>
    <Medication id="med">
      <name value="Amoxicillin 80 MG/ML Oral Suspension"/>
      <code>
	<coding>
	<system value="http://www.nlm.nih.gov/research/umls/rxnorm"/>
	  <code value="308189"/>
	  <display value="Amoxicillin 80 MG/ML Oral Suspension"/>
	</coding>
      </code>
    </Medication>
  </contained>

  <patient>
    <reference value="Patient/1614502"/>
  </patient>

  <authorizingPrescription>
    <reference value="MedicationPrescription/177"/>
  </authorizingPrescription>

  <dispense>
    <extension url="http://fhir-registry.smarthealthit.org/Profile/dispense#days-supply">
       <valueQuantity>
         <value value="10" />
         <units value="days" />
         <system value="http://unitsofmeasure.org" />
         <code value="d" />
       </valueQuantity>
    </extension>
    <status value="completed"/>  
    <quantity>
      <value value="150"/>
      <units value="tablets"/>
      <system value="http://unitsofmeasure.org"/>
      <code value="{tablets}"/>
    </quantity>
    <medication>
      <reference value="#med"/>
    </medication>
    <whenHandedOver value="2008-04-03"/>
  </dispense>
</MedicationDispense>

  </content>
</entry>
<entry xmlns="http://www.w3.org/2005/Atom">
  <title>SMART Patient-level resource</title>
  <id>MedicationPrescription/178</id>
  <updated>2015-07-07T20:00:48.416000</updated>
  <published>2015-07-07T20:00:48.416000</published>
  <author>
    <name>https://github.com/smart-on-fhir/sample-patients</name>
  </author>
  <content type="text/xml">
    
<MedicationPrescription xmlns="http://hl7.org/fhir">
  <text>
    <status value="generated"/>
    <div xmlns="http://www.w3.org/1999/xhtml">
      Permethrin 10 MG/ML Topical Lotion (rxnorm: 312320)
    </div>
  </text>

  <contained>
    <Medication id="med">
      <name value="Permethrin 10 MG/ML Topical Lotion"/>
      <code>
	<coding>
	<system value="http://www.nlm.nih.gov/research/umls/rxnorm"/>
	  <code value="312320"/>
	  <display value="Permethrin 10 MG/ML Topical Lotion"/>
	</coding>
      </code>
    </Medication>
  </contained>

  <status value="active" />
  <patient>
    <reference value="Patient/1614502"/>
  </patient>

  <medication>
    <reference value="#med"/>
  </medication>

  <dosageInstruction>
    <timingSchedule>
      <event>
        <start value="2009-05-01"/>
      </event>
    </timingSchedule>
    <text value="apply x1 as directed"/>
  </dosageInstruction>
  <dispense>
     <numberOfRepeatsAllowed value="1"/>
     <quantity>
        <value value="1"/>
        <units value=""/>
        <system value="http://unitsofmeasure.org"/>
        <code value=""/>
     </quantity>
     <expectedSupplyDuration>
        <value value="1"/>
        <units value="days"/>
        <system value="http://unitsofmeasure.org"/>
        <code value="d"/>
     </expectedSupplyDuration>
  </dispense>
  
</MedicationPrescription>

  </content>
</entry>
<entry xmlns="http://www.w3.org/2005/Atom">
  <title>SMART Patient-level resource</title>
  <id>MedicationDispense/95</id>
  <updated>2015-07-07T20:00:48.416000</updated>
  <published>2015-07-07T20:00:48.416000</published>
  <author>
    <name>https://github.com/smart-on-fhir/sample-patients</name>
  </author>
  <content type="text/xml">
    
<MedicationDispense xmlns="http://hl7.org/fhir">
  <!--  insert contents here  -->
   <text>
    <status value="generated"/>
    <div xmlns="http://www.w3.org/1999/xhtml">
      Dispensed 59 tablets = 7 day supply of Permethrin 10 MG/ML Topical Lotion
    </div>
  </text>  

  <contained>
    <Medication id="med">
      <name value="Permethrin 10 MG/ML Topical Lotion"/>
      <code>
	<coding>
	<system value="http://www.nlm.nih.gov/research/umls/rxnorm"/>
	  <code value="312320"/>
	  <display value="Permethrin 10 MG/ML Topical Lotion"/>
	</coding>
      </code>
    </Medication>
  </contained>

  <patient>
    <reference value="Patient/1614502"/>
  </patient>

  <authorizingPrescription>
    <reference value="MedicationPrescription/178"/>
  </authorizingPrescription>

  <dispense>
    <extension url="http://fhir-registry.smarthealthit.org/Profile/dispense#days-supply">
       <valueQuantity>
         <value value="7" />
         <units value="days" />
         <system value="http://unitsofmeasure.org" />
         <code value="d" />
       </valueQuantity>
    </extension>
    <status value="completed"/>  
    <quantity>
      <value value="59"/>
      <units value="tablets"/>
      <system value="http://unitsofmeasure.org"/>
      <code value="{tablets}"/>
    </quantity>
    <medication>
      <reference value="#med"/>
    </medication>
    <whenHandedOver value="2009-05-01"/>
  </dispense>
</MedicationDispense>

  </content>
</entry>
<entry xmlns="http://www.w3.org/2005/Atom">
  <title>SMART Patient-level resource</title>
  <id>MedicationDispense/96</id>
  <updated>2015-07-07T20:00:48.416000</updated>
  <published>2015-07-07T20:00:48.416000</published>
  <author>
    <name>https://github.com/smart-on-fhir/sample-patients</name>
  </author>
  <content type="text/xml">
    
<MedicationDispense xmlns="http://hl7.org/fhir">
  <!--  insert contents here  -->
   <text>
    <status value="generated"/>
    <div xmlns="http://www.w3.org/1999/xhtml">
      Dispensed 59 tablets = 7 day supply of Permethrin 10 MG/ML Topical Lotion
    </div>
  </text>  

  <contained>
    <Medication id="med">
      <name value="Permethrin 10 MG/ML Topical Lotion"/>
      <code>
	<coding>
	<system value="http://www.nlm.nih.gov/research/umls/rxnorm"/>
	  <code value="312320"/>
	  <display value="Permethrin 10 MG/ML Topical Lotion"/>
	</coding>
      </code>
    </Medication>
  </contained>

  <patient>
    <reference value="Patient/1614502"/>
  </patient>

  <authorizingPrescription>
    <reference value="MedicationPrescription/178"/>
  </authorizingPrescription>

  <dispense>
    <extension url="http://fhir-registry.smarthealthit.org/Profile/dispense#days-supply">
       <valueQuantity>
         <value value="7" />
         <units value="days" />
         <system value="http://unitsofmeasure.org" />
         <code value="d" />
       </valueQuantity>
    </extension>
    <status value="completed"/>  
    <quantity>
      <value value="59"/>
      <units value="tablets"/>
      <system value="http://unitsofmeasure.org"/>
      <code value="{tablets}"/>
    </quantity>
    <medication>
      <reference value="#med"/>
    </medication>
    <whenHandedOver value="2009-05-09"/>
  </dispense>
</MedicationDispense>

  </content>
</entry>
  <entry xmlns="http://www.w3.org/2005/Atom">
  <title>SMART Patient-level resource</title>
  <id>Condition/66</id>
  <updated>2015-07-07T20:00:48.416000</updated>
  <published>2015-07-07T20:00:48.416000</published>
  <author>
    <name>https://github.com/smart-on-fhir/sample-patients</name>
  </author>
  <content type="text/xml">
    
  <Condition xmlns="http://hl7.org/fhir">
    <text>
     <status value="generated"/>
     <div xmlns="http://www.w3.org/1999/xhtml">Cervicitis and endocervicitis</div>   
   </text>
    <subject>
      <reference value="Patient/1614502"/>
    </subject>
    <code> 
      <coding>
        <system value="http://snomed.info/sct"/>
        <code value="237084006"/>
        <display value="Cervicitis and endocervicitis"/>
      </coding>
      <text value="Cervicitis and endocervicitis"/>
    </code>
   <status value="confirmed"/>
   <onsetDate value="2007-10-28"/>
   
  </Condition>
  
  </content>
</entry>
  <entry xmlns="http://www.w3.org/2005/Atom">
  <title>SMART Patient-level resource</title>
  <id>Condition/67</id>
  <updated>2015-07-07T20:00:48.416000</updated>
  <published>2015-07-07T20:00:48.416000</published>
  <author>
    <name>https://github.com/smart-on-fhir/sample-patients</name>
  </author>
  <content type="text/xml">
    
  <Condition xmlns="http://hl7.org/fhir">
    <text>
     <status value="generated"/>
     <div xmlns="http://www.w3.org/1999/xhtml">Diaper rash</div>   
   </text>
    <subject>
      <reference value="Patient/1614502"/>
    </subject>
    <code> 
      <coding>
        <system value="http://snomed.info/sct"/>
        <code value="91487003"/>
        <display value="Diaper rash"/>
      </coding>
      <text value="Diaper rash"/>
    </code>
   <status value="confirmed"/>
   <onsetDate value="2007-10-28"/>
   
  </Condition>
  
  </content>
</entry>
  <entry xmlns="http://www.w3.org/2005/Atom">
  <title>SMART Patient-level resource</title>
  <id>Condition/68</id>
  <updated>2015-07-07T20:00:48.416000</updated>
  <published>2015-07-07T20:00:48.416000</published>
  <author>
    <name>https://github.com/smart-on-fhir/sample-patients</name>
  </author>
  <content type="text/xml">
    
  <Condition xmlns="http://hl7.org/fhir">
    <text>
     <status value="generated"/>
     <div xmlns="http://www.w3.org/1999/xhtml">Otitis media</div>   
   </text>
    <subject>
      <reference value="Patient/1614502"/>
    </subject>
    <code> 
      <coding>
        <system value="http://snomed.info/sct"/>
        <code value="65363002"/>
        <display value="Otitis media"/>
      </coding>
      <text value="Otitis media"/>
    </code>
   <status value="confirmed"/>
   <onsetDate value="2007-10-28"/>
   
  </Condition>
  
  </content>
</entry>
  <entry xmlns="http://www.w3.org/2005/Atom">
  <title>SMART Patient-level resource</title>
  <id>Condition/69</id>
  <updated>2015-07-07T20:00:48.416000</updated>
  <published>2015-07-07T20:00:48.416000</published>
  <author>
    <name>https://github.com/smart-on-fhir/sample-patients</name>
  </author>
  <content type="text/xml">
    
  <Condition xmlns="http://hl7.org/fhir">
    <text>
     <status value="generated"/>
     <div xmlns="http://www.w3.org/1999/xhtml">Foreign body in larynx</div>   
   </text>
    <subject>
      <reference value="Patient/1614502"/>
    </subject>
    <code> 
      <coding>
        <system value="http://snomed.info/sct"/>
        <code value="425229001"/>
        <display value="Foreign body in larynx"/>
      </coding>
      <text value="Foreign body in larynx"/>
    </code>
   <status value="confirmed"/>
   <onsetDate value="2007-12-01"/>
   
  </Condition>
  
  </content>
</entry>
  <entry xmlns="http://www.w3.org/2005/Atom">
  <title>SMART Patient-level resource</title>
  <id>Condition/70</id>
  <updated>2015-07-07T20:00:48.416000</updated>
  <published>2015-07-07T20:00:48.416000</published>
  <author>
    <name>https://github.com/smart-on-fhir/sample-patients</name>
  </author>
  <content type="text/xml">
    
  <Condition xmlns="http://hl7.org/fhir">
    <text>
     <status value="generated"/>
     <div xmlns="http://www.w3.org/1999/xhtml">Vomiting</div>   
   </text>
    <subject>
      <reference value="Patient/1614502"/>
    </subject>
    <code> 
      <coding>
        <system value="http://snomed.info/sct"/>
        <code value="422400008"/>
        <display value="Vomiting"/>
      </coding>
      <text value="Vomiting"/>
    </code>
   <status value="confirmed"/>
   <onsetDate value="2007-12-01"/>
   
  </Condition>
  
  </content>
</entry>
  <entry xmlns="http://www.w3.org/2005/Atom">
  <title>SMART Patient-level resource</title>
  <id>Condition/71</id>
  <updated>2015-07-07T20:00:48.416000</updated>
  <published>2015-07-07T20:00:48.416000</published>
  <author>
    <name>https://github.com/smart-on-fhir/sample-patients</name>
  </author>
  <content type="text/xml">
    
  <Condition xmlns="http://hl7.org/fhir">
    <text>
     <status value="generated"/>
     <div xmlns="http://www.w3.org/1999/xhtml">Acute upper respiratory infection</div>   
   </text>
    <subject>
      <reference value="Patient/1614502"/>
    </subject>
    <code> 
      <coding>
        <system value="http://snomed.info/sct"/>
        <code value="54150009"/>
        <display value="Acute upper respiratory infection"/>
      </coding>
      <text value="Acute upper respiratory infection"/>
    </code>
   <status value="confirmed"/>
   <onsetDate value="2008-02-14"/>
   
  </Condition>
  
  </content>
</entry>
  <entry xmlns="http://www.w3.org/2005/Atom">
  <title>SMART Patient-level resource</title>
  <id>Condition/72</id>
  <updated>2015-07-07T20:00:48.416000</updated>
  <published>2015-07-07T20:00:48.416000</published>
  <author>
    <name>https://github.com/smart-on-fhir/sample-patients</name>
  </author>
  <content type="text/xml">
    
  <Condition xmlns="http://hl7.org/fhir">
    <text>
     <status value="generated"/>
     <div xmlns="http://www.w3.org/1999/xhtml">General well-being finding</div>   
   </text>
    <subject>
      <reference value="Patient/1614502"/>
    </subject>
    <code> 
      <coding>
        <system value="http://snomed.info/sct"/>
        <code value="81302005"/>
        <display value="General well-being finding"/>
      </coding>
      <text value="General well-being finding"/>
    </code>
   <status value="confirmed"/>
   <onsetDate value="2008-02-14"/>
   
  </Condition>
  
  </content>
</entry>
  <entry xmlns="http://www.w3.org/2005/Atom">
  <title>SMART Patient-level resource</title>
  <id>Condition/73</id>
  <updated>2015-07-07T20:00:48.416000</updated>
  <published>2015-07-07T20:00:48.416000</published>
  <author>
    <name>https://github.com/smart-on-fhir/sample-patients</name>
  </author>
  <content type="text/xml">
    
  <Condition xmlns="http://hl7.org/fhir">
    <text>
     <status value="generated"/>
     <div xmlns="http://www.w3.org/1999/xhtml">Other and unspecified noninfectious gastroenteritis and colitis</div>   
   </text>
    <subject>
      <reference value="Patient/1614502"/>
    </subject>
    <code> 
      <coding>
        <system value="http://snomed.info/sct"/>
        <code value="25374005"/>
        <display value="Other and unspecified noninfectious gastroenteritis and colitis"/>
      </coding>
      <text value="Other and unspecified noninfectious gastroenteritis and colitis"/>
    </code>
   <status value="confirmed"/>
   <onsetDate value="2008-12-12"/>
   
  </Condition>
  
  </content>
</entry>
  <entry xmlns="http://www.w3.org/2005/Atom">
  <title>SMART Patient-level resource</title>
  <id>Immunization/5</id>
  <updated>2015-07-07T20:00:48.416000</updated>
  <published>2015-07-07T20:00:48.416000</published>
  <author>
    <name>https://github.com/smart-on-fhir/sample-patients</name>
  </author>
  <content type="text/xml">
    
    <Immunization xmlns="http://hl7.org/fhir">
        <text>
            <status value="generated"/>
            <div xmlns="http://www.w3.org/1999/xhtml">measles, mumps and rubella virus vaccine</div>
        </text>
        <subject>
            <reference value="Patient/1614502"/>
        </subject>
        <date value="2010-03-11"/>
        <vaccineType>
            <coding>
        	<system value="http://www2a.cdc.gov/vaccines/IIS/IISStandards/vaccines.asp?rpt=cvx"/>
		 <code value="03"/>
       		 <display value="measles, mumps and rubella virus vaccine"/>
		</coding>
        </vaccineType>
        <reported value="false"/>
        <refusedIndicator value="false"/>
    </Immunization>
  
  </content>
</entry>
  <entry xmlns="http://www.w3.org/2005/Atom">
  <title>SMART Patient-level resource</title>
  <id>Immunization/6</id>
  <updated>2015-07-07T20:00:48.416000</updated>
  <published>2015-07-07T20:00:48.416000</published>
  <author>
    <name>https://github.com/smart-on-fhir/sample-patients</name>
  </author>
  <content type="text/xml">
    
    <Immunization xmlns="http://hl7.org/fhir">
        <text>
            <status value="generated"/>
            <div xmlns="http://www.w3.org/1999/xhtml">measles, mumps and rubella virus vaccine</div>
        </text>
        <subject>
            <reference value="Patient/1614502"/>
        </subject>
        <date value="2010-06-11"/>
        <vaccineType>
            <coding>
        	<system value="http://www2a.cdc.gov/vaccines/IIS/IISStandards/vaccines.asp?rpt=cvx"/>
		 <code value="03"/>
       		 <display value="measles, mumps and rubella virus vaccine"/>
		</coding>
        </vaccineType>
        <reported value="false"/>
        <refusedIndicator value="false"/>
    </Immunization>
  
  </content>
</entry>
<entry xmlns="http://www.w3.org/2005/Atom">
  <title>SMART Patient-level resource</title>
  <id>Observation/2-smokingstatus</id>
  <updated>2015-07-07T20:00:48.416000</updated>
  <published>2015-07-07T20:00:48.416000</published>
  <author>
    <name>https://github.com/smart-on-fhir/sample-patients</name>
  </author>
  <content type="text/xml">
    
  <Observation xmlns="http://hl7.org/fhir">
    <text>
      <status value="generated"/>
      <div xmlns="http://www.w3.org/1999/xhtml">Tobacco smoking status: Former smoker</div>
    </text>
    <name>
      <coding>
        <system value="http://loinc.org"/>
        <code value="72166-2"/>
        <display value="Tobacco smoking status"/>
      </coding>
    </name>
    <valueCodeableConcept>
      <coding>
        <system value="http://snomed.info/sct"/>
        <code value="8517006"/>
        <display value="Former smoker"/>
      </coding>
    </valueCodeableConcept>
    <status value="final"/>
    <reliability value="ok"/>
    <subject>
      <reference value="Patient/1614502"/>
    </subject>
  </Observation>
  
  </content>
</entry>
<entry xmlns="http://www.w3.org/2005/Atom">
  <title>SMART Patient-level resource</title>
  <id>Observation/1614502-gestage</id>
  <updated>2015-07-07T20:00:48.416000</updated>
  <published>2015-07-07T20:00:48.416000</published>
  <author>
    <name>https://github.com/smart-on-fhir/sample-patients</name>
  </author>
  <content type="text/xml">
    
  <Observation xmlns="http://hl7.org/fhir">
    <text>
      <status value="generated"/>
      <div xmlns="http://www.w3.org/1999/xhtml">2006-11-22: Gestational age at birth = 45.2 weeks</div>
    </text>
    <name>
      <coding>
        <system value="http://loinc.org"/>
        <code value="18185-9"/>
        <display value="Gestational age at birth"/>
      </coding>
    </name>
    <valueQuantity>
      <value value="45.2"/>
      <units value="weeks"/>
      <system value="http://unitsofmeasure.org" />
      <code value="wk"/>
    </valueQuantity>
    
    <appliesDateTime value="2006-11-22"/>
    <status value="final"/>
    <reliability value="ok"/>
    <subject>
      <reference value="Patient/1614502"/>
    </subject>
  </Observation>
  
  </content>
</entry>
  <entry xmlns="http://www.w3.org/2005/Atom">
  <title>SMART Patient-level resource</title>
  <id>List/36</id>
  <updated>2015-07-07T20:00:48.416000</updated>
  <published>2015-07-07T20:00:48.416000</published>
  <author>
    <name>https://github.com/smart-on-fhir/sample-patients</name>
  </author>
  <content type="text/xml">
    
    <List xmlns="http://hl7.org/fhir">
        <text>
            <status value="generated"/>
            <div xmlns="http://www.w3.org/1999/xhtml">No known allergies</div>
        </text>
        <code>
            <coding>
               <system value="http://loinc.org/"/>
               <code value="52473-6"/>
               <display value="Allergy"/>
            </coding>
        </code>
        <subject>
          <reference value="Patient/1614502"/>
        </subject>
        <date value="2000"/>
        <mode value="snapshot"/>
        <emptyReason>
            <coding>
                <system value="http://hl7.org/fhir/list-empty-reason"/>
                <code value="nilknown"/>
                <display value="Nil Known"/>
            </coding>
        </emptyReason>
    </List>
  
  </content>
</entry>

</feed>
