<?xml version="1.0" encoding="UTF-8"?>
<feed xmlns="http://www.w3.org/2005/Atom">
  <title>SMART patient bundle for transactional posting</title>
  <id>urn:uuid:7</id>
  <updated>2015-07-07T20:00:47.934000</updated>

  <entry xmlns="http://www.w3.org/2005/Atom">
  <title>SMART Patient-level resource</title>
  <id>Patient/2080416</id>
  <updated>2015-07-07T20:00:47.934000</updated>
  <published>2015-07-07T20:00:47.934000</published>
  <author>
    <name>https://github.com/smart-on-fhir/sample-patients</name>
  </author>
  <content type="text/xml">
    
  <Patient xmlns="http://hl7.org/fhir">
    <text>
      <status value="generated"/>
      <div xmlns="http://www.w3.org/1999/xhtml">
        <p>Joseph Shaw</p>
      </div>
    </text>
    <identifier>
      <use value="usual"/>
      <label value="SMART Hospital MRN"/>
      <system value="urn:oid:0.1.2.3.4.5.6.7"/>
      <value value="2080416"/>
    </identifier>
    <name>
      <use value="official"/>
      <family value="Shaw"/>
      <given value="Joseph"/>
      <given value="P."/>
    </name>
    <telecom>
      <system value="phone"/>
      <value value="800-277-1993"/>
      <use value="mobile"/>
    </telecom>
    <telecom>
      <system value="email"/>
      <value value="joseph.shaw@example.com"/>
    </telecom>
    <gender>
      <coding>
        <system value="http://hl7.org/fhir/v3/AdministrativeGender"/>
        <code value="M"/>
        <display value="Male"/>
      </coding>
    </gender>
    <birthDate value="2003-12-14" />
    <address>
      <use value="home"/>
      <line value="53 Sunset AveApt 9"/>
      <city value="Tulsa"/>
      <state value="OK"/>
      <zip value="74126"/>
      <country value="USA"/>
    </address>
    <active value="true"/>
  </Patient>
  
  </content>
</entry>
<entry xmlns="http://www.w3.org/2005/Atom">
  <title>SMART Patient-level resource</title>
  <id>MedicationPrescription/219</id>
  <updated>2015-07-07T20:00:47.934000</updated>
  <published>2015-07-07T20:00:47.934000</published>
  <author>
    <name>https://github.com/smart-on-fhir/sample-patients</name>
  </author>
  <content type="text/xml">
    
<MedicationPrescription xmlns="http://hl7.org/fhir">
  <text>
    <status value="generated"/>
    <div xmlns="http://www.w3.org/1999/xhtml">
      Erythromycin 0.005 MG/MG Ophthalmic Ointment (rxnorm: 310149)
    </div>
  </text>

  <contained>
    <Medication id="med">
      <name value="Erythromycin 0.005 MG/MG Ophthalmic Ointment"/>
      <code>
	<coding>
	<system value="http://www.nlm.nih.gov/research/umls/rxnorm"/>
	  <code value="310149"/>
	  <display value="Erythromycin 0.005 MG/MG Ophthalmic Ointment"/>
	</coding>
      </code>
    </Medication>
  </contained>

  <status value="active" />
  <patient>
    <reference value="Patient/2080416"/>
  </patient>

  <medication>
    <reference value="#med"/>
  </medication>

  <dosageInstruction>
    <timingSchedule>
      <event>
        <start value="2004-05-09"/>
      </event>
      <repeat>
        <frequency value="2"/>
        <duration value="1"/>
        <units value="d"/>
      </repeat>
      
    </timingSchedule>
    <text value="1/4 inch in eye bid x5 days"/>
  </dosageInstruction>
  <dispense>
     <numberOfRepeatsAllowed value="1"/>
     <quantity>
        <value value="3"/>
        <units value="[in_us]"/>
        <system value="http://unitsofmeasure.org"/>
        <code value="[in_us]"/>
     </quantity>
     <expectedSupplyDuration>
        <value value="5"/>
        <units value="days"/>
        <system value="http://unitsofmeasure.org"/>
        <code value="d"/>
     </expectedSupplyDuration>
  </dispense>
  
</MedicationPrescription>

  </content>
</entry>
<entry xmlns="http://www.w3.org/2005/Atom">
  <title>SMART Patient-level resource</title>
  <id>MedicationDispense/89</id>
  <updated>2015-07-07T20:00:47.934000</updated>
  <published>2015-07-07T20:00:47.934000</published>
  <author>
    <name>https://github.com/smart-on-fhir/sample-patients</name>
  </author>
  <content type="text/xml">
    
<MedicationDispense xmlns="http://hl7.org/fhir">
  <!--  insert contents here  -->
   <text>
    <status value="generated"/>
    <div xmlns="http://www.w3.org/1999/xhtml">
      Dispensed 3 tablets = 5 day supply of Erythromycin 0.005 MG/MG Ophthalmic Ointment
    </div>
  </text>  

  <contained>
    <Medication id="med">
      <name value="Erythromycin 0.005 MG/MG Ophthalmic Ointment"/>
      <code>
	<coding>
	<system value="http://www.nlm.nih.gov/research/umls/rxnorm"/>
	  <code value="310149"/>
	  <display value="Erythromycin 0.005 MG/MG Ophthalmic Ointment"/>
	</coding>
      </code>
    </Medication>
  </contained>

  <patient>
    <reference value="Patient/2080416"/>
  </patient>

  <authorizingPrescription>
    <reference value="MedicationPrescription/219"/>
  </authorizingPrescription>

  <dispense>
    <extension url="http://fhir-registry.smarthealthit.org/Profile/dispense#days-supply">
       <valueQuantity>
         <value value="5" />
         <units value="days" />
         <system value="http://unitsofmeasure.org" />
         <code value="d" />
       </valueQuantity>
    </extension>
    <status value="completed"/>  
    <quantity>
      <value value="3"/>
      <units value="tablets"/>
      <system value="http://unitsofmeasure.org"/>
      <code value="{tablets}"/>
    </quantity>
    <medication>
      <reference value="#med"/>
    </medication>
    <whenHandedOver value="2004-05-09"/>
  </dispense>
</MedicationDispense>

  </content>
</entry>
<entry xmlns="http://www.w3.org/2005/Atom">
  <title>SMART Patient-level resource</title>
  <id>MedicationPrescription/220</id>
  <updated>2015-07-07T20:00:47.934000</updated>
  <published>2015-07-07T20:00:47.934000</published>
  <author>
    <name>https://github.com/smart-on-fhir/sample-patients</name>
  </author>
  <content type="text/xml">
    
<MedicationPrescription xmlns="http://hl7.org/fhir">
  <text>
    <status value="generated"/>
    <div xmlns="http://www.w3.org/1999/xhtml">
      Amoxicillin 50 MG/ML Oral Suspension (rxnorm: 239191)
    </div>
  </text>

  <contained>
    <Medication id="med">
      <name value="Amoxicillin 50 MG/ML Oral Suspension"/>
      <code>
	<coding>
	<system value="http://www.nlm.nih.gov/research/umls/rxnorm"/>
	  <code value="239191"/>
	  <display value="Amoxicillin 50 MG/ML Oral Suspension"/>
	</coding>
      </code>
    </Medication>
  </contained>

  <status value="active" />
  <patient>
    <reference value="Patient/2080416"/>
  </patient>

  <medication>
    <reference value="#med"/>
  </medication>

  <dosageInstruction>
    <timingSchedule>
      <event>
        <start value="2004-11-06"/>
      </event>
      <repeat>
        <frequency value="2"/>
        <duration value="1"/>
        <units value="d"/>
      </repeat>
      
    </timingSchedule>
    <doseQuantity>
      <value value="10"/>
      <units value="mL"/>
      <system value="http://unitsofmeasure.org"/>
      <code value="mL"/>
    </doseQuantity>
    
    <text value="10 mL bid x 10 days"/>
  </dosageInstruction>
  <dispense>
     <numberOfRepeatsAllowed value="1"/>
     <quantity>
        <value value="1"/>
        <units value="mL"/>
        <system value="http://unitsofmeasure.org"/>
        <code value="mL"/>
     </quantity>
     <expectedSupplyDuration>
        <value value="10"/>
        <units value="days"/>
        <system value="http://unitsofmeasure.org"/>
        <code value="d"/>
     </expectedSupplyDuration>
  </dispense>
  
</MedicationPrescription>

  </content>
</entry>
<entry xmlns="http://www.w3.org/2005/Atom">
  <title>SMART Patient-level resource</title>
  <id>MedicationDispense/92</id>
  <updated>2015-07-07T20:00:47.934000</updated>
  <published>2015-07-07T20:00:47.934000</published>
  <author>
    <name>https://github.com/smart-on-fhir/sample-patients</name>
  </author>
  <content type="text/xml">
    
<MedicationDispense xmlns="http://hl7.org/fhir">
  <!--  insert contents here  -->
   <text>
    <status value="generated"/>
    <div xmlns="http://www.w3.org/1999/xhtml">
      Dispensed 150 tablets = 10 day supply of Amoxicillin 50 MG/ML Oral Suspension
    </div>
  </text>  

  <contained>
    <Medication id="med">
      <name value="Amoxicillin 50 MG/ML Oral Suspension"/>
      <code>
	<coding>
	<system value="http://www.nlm.nih.gov/research/umls/rxnorm"/>
	  <code value="239191"/>
	  <display value="Amoxicillin 50 MG/ML Oral Suspension"/>
	</coding>
      </code>
    </Medication>
  </contained>

  <patient>
    <reference value="Patient/2080416"/>
  </patient>

  <authorizingPrescription>
    <reference value="MedicationPrescription/220"/>
  </authorizingPrescription>

  <dispense>
    <extension url="http://fhir-registry.smarthealthit.org/Profile/dispense#days-supply">
       <valueQuantity>
         <value value="10" />
         <units value="days" />
         <system value="http://unitsofmeasure.org" />
         <code value="d" />
       </valueQuantity>
    </extension>
    <status value="completed"/>  
    <quantity>
      <value value="150"/>
      <units value="tablets"/>
      <system value="http://unitsofmeasure.org"/>
      <code value="{tablets}"/>
    </quantity>
    <medication>
      <reference value="#med"/>
    </medication>
    <whenHandedOver value="2004-11-06"/>
  </dispense>
</MedicationDispense>

  </content>
</entry>
<entry xmlns="http://www.w3.org/2005/Atom">
  <title>SMART Patient-level resource</title>
  <id>MedicationPrescription/221</id>
  <updated>2015-07-07T20:00:47.934000</updated>
  <published>2015-07-07T20:00:47.934000</published>
  <author>
    <name>https://github.com/smart-on-fhir/sample-patients</name>
  </author>
  <content type="text/xml">
    
<MedicationPrescription xmlns="http://hl7.org/fhir">
  <text>
    <status value="generated"/>
    <div xmlns="http://www.w3.org/1999/xhtml">
      Albuterol 0.83 MG/ML Inhalant Solution (rxnorm: 630208)
    </div>
  </text>

  <contained>
    <Medication id="med">
      <name value="Albuterol 0.83 MG/ML Inhalant Solution"/>
      <code>
	<coding>
	<system value="http://www.nlm.nih.gov/research/umls/rxnorm"/>
	  <code value="630208"/>
	  <display value="Albuterol 0.83 MG/ML Inhalant Solution"/>
	</coding>
      </code>
    </Medication>
  </contained>

  <status value="active" />
  <patient>
    <reference value="Patient/2080416"/>
  </patient>

  <medication>
    <reference value="#med"/>
  </medication>

  <dosageInstruction>
    <timingSchedule>
      <event>
        <start value="2008-08-19"/>
      </event>
      <repeat>
        <frequency value="6"/>
        <duration value="1"/>
        <units value="d"/>
      </repeat>
      
    </timingSchedule>
    <doseQuantity>
      <value value="1"/>
      <units value="{dose}"/>
      <system value="http://unitsofmeasure.org"/>
      <code value="{dose}"/>
    </doseQuantity>
    
    <asNeededBoolean value="true"/>
    
    <text value="1 nev q4h prn"/>
  </dosageInstruction>
  <dispense>
     <numberOfRepeatsAllowed value="1"/>
     <quantity>
        <value value="75"/>
        <units value="{dose}"/>
        <system value="http://unitsofmeasure.org"/>
        <code value="{dose}"/>
     </quantity>
     <expectedSupplyDuration>
        <value value="4"/>
        <units value="days"/>
        <system value="http://unitsofmeasure.org"/>
        <code value="d"/>
     </expectedSupplyDuration>
  </dispense>
  
</MedicationPrescription>

  </content>
</entry>
<entry xmlns="http://www.w3.org/2005/Atom">
  <title>SMART Patient-level resource</title>
  <id>MedicationDispense/91</id>
  <updated>2015-07-07T20:00:47.934000</updated>
  <published>2015-07-07T20:00:47.934000</published>
  <author>
    <name>https://github.com/smart-on-fhir/sample-patients</name>
  </author>
  <content type="text/xml">
    
<MedicationDispense xmlns="http://hl7.org/fhir">
  <!--  insert contents here  -->
   <text>
    <status value="generated"/>
    <div xmlns="http://www.w3.org/1999/xhtml">
      Dispensed 75 tablets = 4 day supply of Albuterol 0.83 MG/ML Inhalant Solution
    </div>
  </text>  

  <contained>
    <Medication id="med">
      <name value="Albuterol 0.83 MG/ML Inhalant Solution"/>
      <code>
	<coding>
	<system value="http://www.nlm.nih.gov/research/umls/rxnorm"/>
	  <code value="630208"/>
	  <display value="Albuterol 0.83 MG/ML Inhalant Solution"/>
	</coding>
      </code>
    </Medication>
  </contained>

  <patient>
    <reference value="Patient/2080416"/>
  </patient>

  <authorizingPrescription>
    <reference value="MedicationPrescription/221"/>
  </authorizingPrescription>

  <dispense>
    <extension url="http://fhir-registry.smarthealthit.org/Profile/dispense#days-supply">
       <valueQuantity>
         <value value="4" />
         <units value="days" />
         <system value="http://unitsofmeasure.org" />
         <code value="d" />
       </valueQuantity>
    </extension>
    <status value="completed"/>  
    <quantity>
      <value value="75"/>
      <units value="tablets"/>
      <system value="http://unitsofmeasure.org"/>
      <code value="{tablets}"/>
    </quantity>
    <medication>
      <reference value="#med"/>
    </medication>
    <whenHandedOver value="2009-05-19"/>
  </dispense>
</MedicationDispense>

  </content>
</entry>
<entry xmlns="http://www.w3.org/2005/Atom">
  <title>SMART Patient-level resource</title>
  <id>MedicationDispense/90</id>
  <updated>2015-07-07T20:00:47.934000</updated>
  <published>2015-07-07T20:00:47.934000</published>
  <author>
    <name>https://github.com/smart-on-fhir/sample-patients</name>
  </author>
  <content type="text/xml">
    
<MedicationDispense xmlns="http://hl7.org/fhir">
  <!--  insert contents here  -->
   <text>
    <status value="generated"/>
    <div xmlns="http://www.w3.org/1999/xhtml">
      Dispensed 75 tablets = 4 day supply of Albuterol 0.83 MG/ML Inhalant Solution
    </div>
  </text>  

  <contained>
    <Medication id="med">
      <name value="Albuterol 0.83 MG/ML Inhalant Solution"/>
      <code>
	<coding>
	<system value="http://www.nlm.nih.gov/research/umls/rxnorm"/>
	  <code value="630208"/>
	  <display value="Albuterol 0.83 MG/ML Inhalant Solution"/>
	</coding>
      </code>
    </Medication>
  </contained>

  <patient>
    <reference value="Patient/2080416"/>
  </patient>

  <authorizingPrescription>
    <reference value="MedicationPrescription/221"/>
  </authorizingPrescription>

  <dispense>
    <extension url="http://fhir-registry.smarthealthit.org/Profile/dispense#days-supply">
       <valueQuantity>
         <value value="4" />
         <units value="days" />
         <system value="http://unitsofmeasure.org" />
         <code value="d" />
       </valueQuantity>
    </extension>
    <status value="completed"/>  
    <quantity>
      <value value="75"/>
      <units value="tablets"/>
      <system value="http://unitsofmeasure.org"/>
      <code value="{tablets}"/>
    </quantity>
    <medication>
      <reference value="#med"/>
    </medication>
    <whenHandedOver value="2008-08-19"/>
  </dispense>
</MedicationDispense>

  </content>
</entry>
  <entry xmlns="http://www.w3.org/2005/Atom">
  <title>SMART Patient-level resource</title>
  <id>Condition/57</id>
  <updated>2015-07-07T20:00:47.934000</updated>
  <published>2015-07-07T20:00:47.934000</published>
  <author>
    <name>https://github.com/smart-on-fhir/sample-patients</name>
  </author>
  <content type="text/xml">
    
  <Condition xmlns="http://hl7.org/fhir">
    <text>
     <status value="generated"/>
     <div xmlns="http://www.w3.org/1999/xhtml">Vomiting</div>   
   </text>
    <subject>
      <reference value="Patient/2080416"/>
    </subject>
    <code> 
      <coding>
        <system value="http://snomed.info/sct"/>
        <code value="422400008"/>
        <display value="Vomiting"/>
      </coding>
      <text value="Vomiting"/>
    </code>
   <status value="confirmed"/>
   <onsetDate value="2004-03-23"/>
   
  </Condition>
  
  </content>
</entry>
  <entry xmlns="http://www.w3.org/2005/Atom">
  <title>SMART Patient-level resource</title>
  <id>Condition/58</id>
  <updated>2015-07-07T20:00:47.934000</updated>
  <published>2015-07-07T20:00:47.934000</published>
  <author>
    <name>https://github.com/smart-on-fhir/sample-patients</name>
  </author>
  <content type="text/xml">
    
  <Condition xmlns="http://hl7.org/fhir">
    <text>
     <status value="generated"/>
     <div xmlns="http://www.w3.org/1999/xhtml">Feeding difficulties and mismanagement</div>   
   </text>
    <subject>
      <reference value="Patient/2080416"/>
    </subject>
    <code> 
      <coding>
        <system value="http://snomed.info/sct"/>
        <code value="78164000"/>
        <display value="Feeding difficulties and mismanagement"/>
      </coding>
      <text value="Feeding difficulties and mismanagement"/>
    </code>
   <status value="confirmed"/>
   <onsetDate value="2004-03-26"/>
   
  </Condition>
  
  </content>
</entry>
  <entry xmlns="http://www.w3.org/2005/Atom">
  <title>SMART Patient-level resource</title>
  <id>Condition/59</id>
  <updated>2015-07-07T20:00:47.934000</updated>
  <published>2015-07-07T20:00:47.934000</published>
  <author>
    <name>https://github.com/smart-on-fhir/sample-patients</name>
  </author>
  <content type="text/xml">
    
  <Condition xmlns="http://hl7.org/fhir">
    <text>
     <status value="generated"/>
     <div xmlns="http://www.w3.org/1999/xhtml">Feeding problems in newborn</div>   
   </text>
    <subject>
      <reference value="Patient/2080416"/>
    </subject>
    <code> 
      <coding>
        <system value="http://snomed.info/sct"/>
        <code value="72552008"/>
        <display value="Feeding problems in newborn"/>
      </coding>
      <text value="Feeding problems in newborn"/>
    </code>
   <status value="confirmed"/>
   <onsetDate value="2004-04-01"/>
   
  </Condition>
  
  </content>
</entry>
  <entry xmlns="http://www.w3.org/2005/Atom">
  <title>SMART Patient-level resource</title>
  <id>Condition/60</id>
  <updated>2015-07-07T20:00:47.934000</updated>
  <published>2015-07-07T20:00:47.934000</published>
  <author>
    <name>https://github.com/smart-on-fhir/sample-patients</name>
  </author>
  <content type="text/xml">
    
  <Condition xmlns="http://hl7.org/fhir">
    <text>
     <status value="generated"/>
     <div xmlns="http://www.w3.org/1999/xhtml">Cough</div>   
   </text>
    <subject>
      <reference value="Patient/2080416"/>
    </subject>
    <code> 
      <coding>
        <system value="http://snomed.info/sct"/>
        <code value="49727002"/>
        <display value="Cough"/>
      </coding>
      <text value="Cough"/>
    </code>
   <status value="confirmed"/>
   <onsetDate value="2004-05-10"/>
   
  </Condition>
  
  </content>
</entry>
  <entry xmlns="http://www.w3.org/2005/Atom">
  <title>SMART Patient-level resource</title>
  <id>Condition/61</id>
  <updated>2015-07-07T20:00:47.934000</updated>
  <published>2015-07-07T20:00:47.934000</published>
  <author>
    <name>https://github.com/smart-on-fhir/sample-patients</name>
  </author>
  <content type="text/xml">
    
  <Condition xmlns="http://hl7.org/fhir">
    <text>
     <status value="generated"/>
     <div xmlns="http://www.w3.org/1999/xhtml">Finding of head and neck region</div>   
   </text>
    <subject>
      <reference value="Patient/2080416"/>
    </subject>
    <code> 
      <coding>
        <system value="http://snomed.info/sct"/>
        <code value="274667000"/>
        <display value="Finding of head and neck region"/>
      </coding>
      <text value="Finding of head and neck region"/>
    </code>
   <status value="confirmed"/>
   <onsetDate value="2004-05-10"/>
   
  </Condition>
  
  </content>
</entry>
  <entry xmlns="http://www.w3.org/2005/Atom">
  <title>SMART Patient-level resource</title>
  <id>Condition/62</id>
  <updated>2015-07-07T20:00:47.934000</updated>
  <published>2015-07-07T20:00:47.934000</published>
  <author>
    <name>https://github.com/smart-on-fhir/sample-patients</name>
  </author>
  <content type="text/xml">
    
  <Condition xmlns="http://hl7.org/fhir">
    <text>
     <status value="generated"/>
     <div xmlns="http://www.w3.org/1999/xhtml">Apnea</div>   
   </text>
    <subject>
      <reference value="Patient/2080416"/>
    </subject>
    <code> 
      <coding>
        <system value="http://snomed.info/sct"/>
        <code value="1023001"/>
        <display value="Apnea"/>
      </coding>
      <text value="Apnea"/>
    </code>
   <status value="confirmed"/>
   <onsetDate value="2004-09-02"/>
   
  </Condition>
  
  </content>
</entry>
  <entry xmlns="http://www.w3.org/2005/Atom">
  <title>SMART Patient-level resource</title>
  <id>Condition/63</id>
  <updated>2015-07-07T20:00:47.934000</updated>
  <published>2015-07-07T20:00:47.934000</published>
  <author>
    <name>https://github.com/smart-on-fhir/sample-patients</name>
  </author>
  <content type="text/xml">
    
  <Condition xmlns="http://hl7.org/fhir">
    <text>
     <status value="generated"/>
     <div xmlns="http://www.w3.org/1999/xhtml">Acute secretory otitis media</div>   
   </text>
    <subject>
      <reference value="Patient/2080416"/>
    </subject>
    <code> 
      <coding>
        <system value="http://snomed.info/sct"/>
        <code value="35183001"/>
        <display value="Acute secretory otitis media"/>
      </coding>
      <text value="Acute secretory otitis media"/>
    </code>
   <status value="confirmed"/>
   <onsetDate value="2004-11-06"/>
   
  </Condition>
  
  </content>
</entry>
  <entry xmlns="http://www.w3.org/2005/Atom">
  <title>SMART Patient-level resource</title>
  <id>Condition/64</id>
  <updated>2015-07-07T20:00:47.934000</updated>
  <published>2015-07-07T20:00:47.934000</published>
  <author>
    <name>https://github.com/smart-on-fhir/sample-patients</name>
  </author>
  <content type="text/xml">
    
  <Condition xmlns="http://hl7.org/fhir">
    <text>
     <status value="generated"/>
     <div xmlns="http://www.w3.org/1999/xhtml">Fever and other physiologic disturbances of temperature regulation</div>   
   </text>
    <subject>
      <reference value="Patient/2080416"/>
    </subject>
    <code> 
      <coding>
        <system value="http://snomed.info/sct"/>
        <code value="386661006"/>
        <display value="Fever and other physiologic disturbances of temperature regulation"/>
      </coding>
      <text value="Fever and other physiologic disturbances of temperature regulation"/>
    </code>
   <status value="confirmed"/>
   <onsetDate value="2005-03-06"/>
   
  </Condition>
  
  </content>
</entry>
  <entry xmlns="http://www.w3.org/2005/Atom">
  <title>SMART Patient-level resource</title>
  <id>Condition/65</id>
  <updated>2015-07-07T20:00:47.934000</updated>
  <published>2015-07-07T20:00:47.934000</published>
  <author>
    <name>https://github.com/smart-on-fhir/sample-patients</name>
  </author>
  <content type="text/xml">
    
  <Condition xmlns="http://hl7.org/fhir">
    <text>
     <status value="generated"/>
     <div xmlns="http://www.w3.org/1999/xhtml">Otitis media</div>   
   </text>
    <subject>
      <reference value="Patient/2080416"/>
    </subject>
    <code> 
      <coding>
        <system value="http://snomed.info/sct"/>
        <code value="65363002"/>
        <display value="Otitis media"/>
      </coding>
      <text value="Otitis media"/>
    </code>
   <status value="confirmed"/>
   <onsetDate value="2005-03-06"/>
   
  </Condition>
  
  </content>
</entry>
<entry xmlns="http://www.w3.org/2005/Atom">
  <title>SMART Patient-level resource</title>
  <id>Observation/4-smokingstatus</id>
  <updated>2015-07-07T20:00:47.934000</updated>
  <published>2015-07-07T20:00:47.934000</published>
  <author>
    <name>https://github.com/smart-on-fhir/sample-patients</name>
  </author>
  <content type="text/xml">
    
  <Observation xmlns="http://hl7.org/fhir">
    <text>
      <status value="generated"/>
      <div xmlns="http://www.w3.org/1999/xhtml">Tobacco smoking status: Former smoker</div>
    </text>
    <name>
      <coding>
        <system value="http://loinc.org"/>
        <code value="72166-2"/>
        <display value="Tobacco smoking status"/>
      </coding>
    </name>
    <valueCodeableConcept>
      <coding>
        <system value="http://snomed.info/sct"/>
        <code value="8517006"/>
        <display value="Former smoker"/>
      </coding>
    </valueCodeableConcept>
    <status value="final"/>
    <reliability value="ok"/>
    <subject>
      <reference value="Patient/2080416"/>
    </subject>
  </Observation>
  
  </content>
</entry>
<entry xmlns="http://www.w3.org/2005/Atom">
  <title>SMART Patient-level resource</title>
  <id>Observation/2080416-gestage</id>
  <updated>2015-07-07T20:00:47.934000</updated>
  <published>2015-07-07T20:00:47.934000</published>
  <author>
    <name>https://github.com/smart-on-fhir/sample-patients</name>
  </author>
  <content type="text/xml">
    
  <Observation xmlns="http://hl7.org/fhir">
    <text>
      <status value="generated"/>
      <div xmlns="http://www.w3.org/1999/xhtml">2003-12-14: Gestational age at birth = 36.7 weeks</div>
    </text>
    <name>
      <coding>
        <system value="http://loinc.org"/>
        <code value="18185-9"/>
        <display value="Gestational age at birth"/>
      </coding>
    </name>
    <valueQuantity>
      <value value="36.7"/>
      <units value="weeks"/>
      <system value="http://unitsofmeasure.org" />
      <code value="wk"/>
    </valueQuantity>
    
    <appliesDateTime value="2003-12-14"/>
    <status value="final"/>
    <reliability value="ok"/>
    <subject>
      <reference value="Patient/2080416"/>
    </subject>
  </Observation>
  
  </content>
</entry>
  <entry xmlns="http://www.w3.org/2005/Atom">
  <title>SMART Patient-level resource</title>
  <id>List/47</id>
  <updated>2015-07-07T20:00:47.934000</updated>
  <published>2015-07-07T20:00:47.934000</published>
  <author>
    <name>https://github.com/smart-on-fhir/sample-patients</name>
  </author>
  <content type="text/xml">
    
    <List xmlns="http://hl7.org/fhir">
        <text>
            <status value="generated"/>
            <div xmlns="http://www.w3.org/1999/xhtml">No known allergies</div>
        </text>
        <code>
            <coding>
               <system value="http://loinc.org/"/>
               <code value="52473-6"/>
               <display value="Allergy"/>
            </coding>
        </code>
        <subject>
          <reference value="Patient/2080416"/>
        </subject>
        <date value="2000"/>
        <mode value="snapshot"/>
        <emptyReason>
            <coding>
                <system value="http://hl7.org/fhir/list-empty-reason"/>
                <code value="nilknown"/>
                <display value="Nil Known"/>
            </coding>
        </emptyReason>
    </List>
  
  </content>
</entry>

</feed>
